lesson_id,project,summary,pi_found,runbook_found,instructions_found,pi_candidate,note
L416,dm-signal,np.where(cond; a/b; nan)はcondがFalseでもa/bを評価しb=0でWarning。np.maximum(b;1)でsafe denominator使用が簡潔。cmd_1080霧丸発見,FOUND,FOUND,FOUND,no,
L415,dm-signal,IF シン四神の過適合検証を設計する THEN CPCVを使うな BECAUSE (1)FoF材料は全天候である必要がない。一瞬のきらめきがあれば材料として価値がある (2)DM7+のような稀な逆張り(10年で2回発火)はCPCV 2年テス,FOUND,FOUND,FOUND,no,
L414,dm-signal,DM7+ 24M lookbackをRXLU固定でCPCV検定するとMax_Run-up PBOが1.0になりやすい。24M窓は変化が極めて緩慢でCPCVの短期テスト窓での性能安定性が低い,FOUND,FOUND,FOUND,no,
L413,dm-signal,DM7+でrelative=XLU(1銘柄)の場合、top_n=1とtop_n=2は完全同一リターンを生成する。relative1つではtop_n>=1は常に同じ選択になるため、GS探索空間でtop_n軸が冗長(48→24体に圧縮可能),FOUND,FOUND,FOUND,no,
L412,dm-signal,IF backend/app/constants.pyの定数を変更する THEN frontend/lib/constants.tsに同名・同目的の定数がないか確認し、あれば同時に変更せよ BECAUSE cmd_1076でBE MAX_P,FOUND,FOUND,MISSING,no,
L411,dm-signal,初回DM2実行時にBus error(core dump)。原因: 他GSプロセス(kasoku_diff等)並走でfree memory 4.1GBまで低下。MP_WORKERS=6のshared_memoryモードで合計メモリ不足。他プ,FOUND,FOUND,FOUND,no,
L410,dm-signal,run_077_*.pyのデータローダAPIがload_monthly_returns_dual_from_db→ load_monthly_returns_dual_from_universeに変更された際、,FOUND,FOUND,MISSING,yes,
L409,dm-signal,tobisaru偵察報告(cmd_1062)はoikazeのpct_changeボトルネックを分析し 「全忍法に横展開可能」と記載したが、nukimi/oikazeとも cmd_227 で,FOUND,FOUND,FOUND,no,
L408,dm-signal,cumret.pct_change(periods=N) → cum_values[N:]/cum_values[:-N]-1.0。 pandas Seriesの毎回構築オーバーヘッドが支配的(0.184ms/call)。,FOUND,FOUND,FOUND,no,
L407,dm-signal,picks vectorize argsort→nanmax+batch forward-fill の高速化効果はバッチ化するentry数に支配される。kasoku約240entries→54.9x; nukimi39entries→24.,FOUND,FOUND,FOUND,no,
L406,dm-signal,kasoku/nukimiのT3はtop_n=1でnanmax O(n)に置換し大幅改善。kawarimiはtop+bottom和集合選出のためargsort O(n log n)が不可避。主改善はargsort呼出回数削減30→1とfor,FOUND,FOUND,FOUND,no,
L405,dm-signal,nukimi momentum_cubeは最初から3D配列のため、kasokuのようにscore_cacheをnp.stackで3D化する手順が不要。忍法ごとにデータ構造が異なるため、横展開時は対象のメモリレイアウトを先に確認し、最適な適用,FOUND,FOUND,FOUND,no,
L404,dm-signal,picks構築のバッチ化が最大効果(argsort→nanmax+関数呼出し削減)。forward-fillバッチ化は中程度(関数呼出し削減のみ)。pack_picksはvariable-lengthのためバッチ化不可。ボトルネック支配率の,FOUND,FOUND,FOUND,no,
L403,dm-signal,top_n=1のときargsort(O(n log n))をnanmax(O(n))に置換可能。score_cache全エントリを3D arrayにスタックし240回のPython関数呼出しを1回のnumpy演算に集約。Python関数呼出,FOUND,FOUND,FOUND,no,
L402,dm-signal,cmd_1036 kirimaru Phase4,FOUND,FOUND,FOUND,no,
L401,dm-signal,cmd_1037 kotaro AC7統合,FOUND,FOUND,FOUND,no,
L400,dm-signal,cmd_1037 kotaro AC7統合,FOUND,FOUND,FOUND,no,
L399,dm-signal,cmd_1037 saizo角度6,FOUND,FOUND,FOUND,no,
L398,dm-signal,cmd_1037 hanzo角度5,FOUND,FOUND,FOUND,no,
L397,dm-signal,cmd_1037 kagemaru角度4,FOUND,FOUND,FOUND,no,
L396,dm-signal,cmd_1037 hayate角度3,FOUND,FOUND,FOUND,no,
L395,dm-signal,cmd_1037 kirimaru角度2,FOUND,FOUND,FOUND,no,
L394,dm-signal,cmd_1037 sasuke角度1,FOUND,FOUND,FOUND,no,
L393,dm-signal,grouped順+context cacheが効く小規模(150パターン)では、simulate_pattern逐次呼出しの方がsimulate_batch(毎回context構築)より速い場合がある。ベンチマークはスケール依存性に注意,FOUND,FOUND,FOUND,no,
L392,dm-signal,4視点union mask+numpy broadcastingの演算順序が逐次版と異なりFP丸め誤差が最大5.55e-17発生。ロジック差異ではない。strict 0.0判定で偽陽性になりうるため、パリティ検証は1e-12等の実用的閾値を,FOUND,FOUND,FOUND,no,
L391,dm-signal,GS版ranked_asc[:sel_n]と本番sorted_desc[-sel_n:]でtiebreak動作が異なる。3comp以上でselect_n=1同スコアタイ時にGS=index最小、本番=index最大。修正: 単一descソー,FOUND,FOUND,FOUND,yes,
L390,dm-signal,yotsumeは4視点和集合+forward-fill構造。boolean mask化の恩恵を受けない。元々0.31ms/pat(PPE6)で十分高速(248K patterns→1.3min)。batch sim化は不要,FOUND,FOUND,FOUND,no,
L389,dm-signal,PeriodIndex.to_timestamp(how='end')は月末23:59:59.999999を生成。本番blockが<= pd.Timestamp(date)でフィルタする場合offsetが発生。.normalize()追加で,FOUND,FOUND,FOUND,yes,
L388,dm-signal,IF PPE結果をmain processにreturnする THEN result pickleがオーバーヘッド最大要因になる。 50Kパターンで877ms（全overhead 1723msの51%）。np.ndarray月次リターンの全,FOUND,FOUND,FOUND,no,
L387,dm-signal,IF Python object を ndarray へ詰め替えてから Numba kernel を試す THEN kernel-only speedup と pack+kernel の両方を別計測せよ BECAUSE kasoku では ,FOUND,FOUND,FOUND,no,
L386,dm-signal,cmd_1034 angle1 のように in-loop `perf_counter()` を差し込む計測は profiler overhead が大きくなりうる。hot loop 分解を報告する際は native 実行時間と overhe,FOUND,FOUND,FOUND,no,
L385,dm-signal,boolean mask方式でpicks固定長化+numpy broadcasting成功(100%一致)。ただしctx build最適化(angle2)との併用が必須。mask構築のCython/Numba化で更なる改善余地あり,FOUND,FOUND,FOUND,no,
L384,dm-signal,cmd_1034 angle1でprofiler内0.178ms/pat vs native 0.111ms/pat。内訳比率は方向性として有用だが絶対値は膨張する,FOUND,FOUND,FOUND,no,
L383,dm-signal,月次リターンndarrayの全パターンserialize/deserializeが支配。worker内でmetrics計算→metricsのみreturnすればndarray転送不要。1K以下ではpool creation(~40ms)がo,FOUND,FOUND,FOUND,no,
L382,dm-signal,Python object→ndarray詰替えのオーバーヘッドがkernel高速化を相殺する。Numba有効化はcache構築時にpacked picks事前保存する設計に限定,FOUND,FOUND,FOUND,no,
L381,dm-signal,momentum反復231x削減してもpicks計算(80.7%)がsubset依存で共有不可のため、実時間は110.4s→101.5s(8.1%減)に留まる。理論削減比と実効果の乖離を常に区別せよ,FOUND,FOUND,FOUND,no,
L380,dm-signal,12 subset実測でprecomputed_picks_build=79.34ms/93.54ms=84.8%。momentum_cube=10.62ms。GS最適化はpicks生成側のlist/sort/cutoff最適化が先,FOUND,FOUND,FOUND,no,
L379,dm-signal,IF PPE効率の異常値を診断する THEN full-script benchmark値とcore _run_mp実測値を必ず分離して計測せよ BECAUSE cmd_1033で既知benchmark 1.09xとcurrent core,FOUND,FOUND,FOUND,no,
L378,dm-signal,パリティハーネスとコード変更を同一commitに含める場合、ベースラインJSONは変更後コードで再生成必須。非機能的変更(型注釈/フォーマット等)でもCSV md5が変わりうる。ベースラインと比較対象のコードバージョン不一致はfalse f,FOUND,FOUND,FOUND,no,
L377,dm-signal,並行作業下ではtask YAMLに未commitと書かれていても別経路でcommit済みの場合がある。AC実行前にgit status+git log -1 --statで実差分を確認し、実際に残っている差分だけを扱うべき。,FOUND,FOUND,FOUND,no,
L376,dm-signal,oikaze/kawarimi/yotsume の PPE 導入では kasoku テンプレートどおり subset_id 単位で chunk を組み、6 workers に round-robin 分配した。これで 120 pattern,FOUND,FOUND,FOUND,no,
L375,dm-signal,cmd_1031では Grid dedup/PPE/parity 自体は妥当でも、impl_a が未commitのまま残っており push 判定は FAIL になった。レビューではコード品質と同じ重みで commit integrity を,FOUND,FOUND,FOUND,no,
L374,dm-signal,oikaze/kawarimi/yotsumeのPPE導入ではkasokuテンプレートどおりsubset_id単位でchunkを組み、6 workersにround-robin分配した。pattern単位分割だとcache locality,FOUND,FOUND,FOUND,no,
L373,dm-signal,10D/15D/20D/1Mのようなmonth=1 aliasはsimulate/get_context側ではなくbuild_grid()でcanonical 1Mに正規化して重複除去すると安全。下流ロジックを触らずにbefore/afte,FOUND,FOUND,FOUND,no,
L372,dm-signal,(1) GS並列化のボトルネックはcontext build(get_*_context)でありパターンsim自体ではない。 kasoku: context_build=85ms vs pattern_sim=1.6ms。subset gr,FOUND,FOUND,FOUND,no,
L371,dm-signal,月次解像度GS: 10D/15D/20D/1Mは全てmonths=1に丸められ同一結果を生む。 momentum_cube/picksの計算は既にdedup済みだが、simulate_pattern()は,FOUND,FOUND,FOUND,no,
L370,dm-signal,oikaze/kasoku/kawarimi=cumret.pct_change(periods)方式、nukimi/yotsume=cum[mi-skip]/cum[mi-base]-1方式。共通インターフェース化でgs_shared.p,FOUND,FOUND,FOUND,no,
L369,dm-signal,Numbaはpure NumPyループ(simulate_pattern hot loop; momentum kernel)に適用可能だがpandas境界(reindex/pct_change/PeriodIndex)がブロック。Cyth,FOUND,FOUND,FOUND,no,
L368,dm-signal,5忍法のcontext build共有で削減できるのは約48s/83;482s(0.058%)。性能改善はsimulate_pattern最適化に集中すべき。共有化の主な価値は保守性向上(バグ修正一元化・新忍法追加容易化)であり性能ではない,FOUND,FOUND,FOUND,no,
L367,dm-signal,月次解像度GSでは10D/15D/20D/1Mは全てmonths=1に丸められ同一結果。momentum_cube/picksはdedup済みだがsimulate_pattern()は全パターンに呼ばれる。kasoku30.7%;oikaz,FOUND,FOUND,FOUND,no,
L366,dm-signal,cmd_1030で全7忍法を監査した結果、wall-clock支配はsimulate_patternの小さなfor-loopよりget_*_contextのprecomputed_picks/momentum cacheに集中。特にkaso,FOUND,FOUND,FOUND,no,
L365,dm-signal,プロトタイプは少数サブセット(7)×単一サイズ(2)のためキャッシュヒット率が本番(41416サブセット×size混在)と異なる。実測0.490ms/pat vs AC3ベンチマーク4.936ms/pat(10倍差)。全量見積りには必ずAC,MISSING,FOUND,FOUND,no,
L364,dm-signal,cmd_1029で A(random) と C(grouped) を比較すると、oikaze/kawarimi/nukimi/kasoku は C/A = 0.05-0.07 まで低下。subset単位の context cache を持つ,FOUND,FOUND,FOUND,no,
L363,dm-signal,パターン数削減率ではなく実測wall-clock時間配分で評価。cmd_1027でtop_n=1はパターン16.8%削減でもkasoku非対象のため96hとほぼ無効。粗密+並列(kasoku重点)はパターン削減率以上に実時間短縮が大きい。k,FOUND,FOUND,FOUND,no,
L362,dm-signal,cmd_1027でsasuke報告(75.95h)とbenchmark.json(100.91h)が33%乖離。報告文面はJSON生成前に書かれた可能性あり。fix作成者は報告文面を信頼しJSONを直接参照しなかった。fix/レビューはJS,FOUND,FOUND,FOUND,no,
L361,dm-signal,snapshot未固定のhistorical CSV比較ではnear-match帯(差分0.01以下)を設け、同一snapshot pinned時だけ完全一致を要求する。cmd_1027で5忍法near-matchパリティ実証済み。,FOUND,FOUND,FOUND,no,
L360,dm-signal,大規模GS(100万パターン超)はチャンク分割(≤5分/チャンク)+中間CSV保存+忍者並列実行。一括実行はエラー時に全結果消失リスク。READ-onlyのためDB排他不要。適用: 大規模GS実行時,FOUND,FOUND,FOUND,no,
L359,dm-signal,kasoku旧GS(238;986パターン) Top100 Calmarでdiff=73件/ratio=27件。Top1チャンピオンは10M/12M ratio(Calmar 3.73)で隣接ペア。dem≥2×num等の倍率制約は1位を消す,FOUND,FOUND,FOUND,no,
L358,dm-signal,非典型lookback(4M/5M/10M)がGSチャンピオン上位に出現。メタ分析(2026-01-11): 4M U/D比9.38、5M U/D比13.01（2M=5.54、7M=7.15より優位）。kasoku GS Top100: 1,FOUND,FOUND,FOUND,no,
L357,dm-signal,本番DB確認はPostgreSQL必須。SQLiteミラー(backend/static/data/dm_signal.db)は不完全。加速FoFが本番3体/SQLite 0体の乖離を実証(2026-03-17)。適用: DB調査タスク全般,FOUND,FOUND,FOUND,yes,
L356,dm-signal,C(32;4)=35;960がC(32;2)+C(32;3)=5;456の6.6倍。サイズ上限k=3で全忍法一律86.8%削減。加速のC(18;2)×2=306乗数が他忍法の4-8倍で全パターンの2/3を占める。削減策の最大レバレッジは(1,FOUND,FOUND,MISSING,no,
L355,dm-signal,lookback4点制約でsafe_haven以外のパラメータ多様性が極端に制限されK体脱相関効果が限定的,FOUND,FOUND,MISSING,no,
L354,dm-signal,L2(N=2;000)では「安定低相関」に見えたペアが、L1フルデータ(N=191;796)の 36Mローリングでは全28ペア×4ファミリーがrange≥0.3で不安定。,FOUND,FOUND,MISSING,no,
L353,dm-signal,複数忍者が同一ファイルに書き込むreconでWriteツール(全上書き)を使うと先行忍者のセクションが消失する。Edit(追記)を使うかセクション分離ファイルで配備せよ。cmd_1021で半蔵がsaizo成果を消失後に復元した実例あり,FOUND,FOUND,FOUND,no,
L352,dm-signal,CPCVのbest_index関数はhigher-is-betterメトリクスを前提に最高スコアを選択する。Underwater_PeriodやLeft-tail_Jumpsのようにlower-is-betterのメトリクスをCPCV評価に,FOUND,FOUND,FOUND,no,
L351,dm-signal,CPCV設計でlive common periodとgroup_countの割り切りを先に検証せよ。割り切れない場合はcontiguous np.array_splitと最大群サイズ差の明示ログを標準化する。167ヶ月を8群に分けた時21*,FOUND,FOUND,FOUND,no,
L350,dm-signal,outputs/grid_search/*.csvは直下のみマッチし、shin_shijin_l1/等のサブディレクトリCSVには効かない。サブディレクトリ含むGS出力は個別パターン追加が必要。再帰パターン(**/*.csv)は過剰除外リス,FOUND,FOUND,FOUND,no,
L349,dm-signal,shin_shijin_l1のmonthly_returns CSV(76;680列x167行)がDM2=252MB; DM6=254MBとなりGitHub push不可。GSで大規模パターン数のmonthly returns CSVを出力,FOUND,FOUND,FOUND,no,
L348,dm-signal,IF 24M 等の長lookbackを含む family GS を full run する THEN 設計書の概算期間を鵜呑みにせず、代表最長patternを実行して live common period を先に固定せよ BECAUSE T,FOUND,FOUND,FOUND,no,
L347,dm-signal,IF 統合タスク(sub_c)で前提報告(sub_a)が全員pending THEN stop_forで待つより自力調査を並行実行せよ BECAUSE 競争投入では速度が正義。sub_a 4名全員pending→自力AC1+AC2調査で統合,MISSING,FOUND,FOUND,no,
L346,dm-signal,旧GS 5Phaseパイプライン(56;556/family)は cmd_426(2026-02-27)の大掃除で lookback_grid_search.py/cpcv_full_validator.py/perspective_eva,FOUND,FOUND,FOUND,no,
L345,dm-signal,cmd_190系のmonthly固定・subset展開後もoutputs/grid_search/DATA_CATALOG.md:181-186とanalysis_runs/docs/_INDEX.md:130-133/pipeline-a,FOUND,FOUND,FOUND,yes,
L344,dm-signal,IF CPCV/Grid Search調査でgrid_search_candidatesやportfolios前提のdocsを読む THEN 先にlive sqlite_master/PRAGMAで実DB schemaを確認せよ BECAU,FOUND,FOUND,FOUND,yes,
L343,dm-signal,experiments.db monthly_returnsテーブルのsignals JSONカラムに格納されたティッカー構成からL1ファミリー分類が可能。TMF/TMV含む→DM3; GLD含む→DM6; TECL/SOXL含む→DM2+,FOUND,FOUND,FOUND,yes,
L342,dm-signal,IF 2段重ねBTの過適合検証で近傍パラメータを変動させる THEN Stage1のtop_n/select_n変更はStage2の有効候補数(nominal_output)を変えるため、Stage2パラメータ変動より遥かに大きなSharp,FOUND,FOUND,FOUND,no,
L341,dm-signal,IF 既存GSチャンピオンパラメータ固定で分析やBTを組む THEN outputs/grid_search/*.meta.yamlのglobal bestをそのまま流用せず実在portfolioのpipeline_configをprodu,FOUND,FOUND,FOUND,yes,
L340,dm-signal,apiCache.has(key)はメモリキャッシュTTL確認→manifest(IndexedDB)確認の2段階で同期動作。非同期のget()と異なり条件分岐ガードに適する。ETagとキャッシュデータの整合性チェックにhas()を使え。,FOUND,FOUND,FOUND,yes,
L339,dm-signal,IF download_prod_data.py monthly-returnsを分析前提に使う THEN 期待portfolio群の件数/ID coverageを後段で必ず検証せよ BECAUSE DNS failureで変わり身/加速6,FOUND,FOUND,FOUND,no,
L338,dm-signal,IF 忍法15体をmonthly_returnsベースで横断分析する THEN 分身-{モード}の名義実在を先に確認し、欠落時は同一モード4四神のSynthetic EW4 fallbackをレポートに明記せよ BECAUSE 本番mont,FOUND,FOUND,FOUND,yes,
L337,dm-signal,cmd_1009 12体×16mpf=192パターン検証,FOUND,FOUND,FOUND,no,
L336,dm-signal,cmd_1008 4ファミリー横断比較,FOUND,FOUND,MISSING,no,
L335,dm-signal,cmd_1008 全4ファミリーで確認,FOUND,FOUND,FOUND,no,
L334,dm-signal,IF p̄ top_n=1 の switching BT を評価する THEN EW-12 に加えて単体12体の同期間比較テーブルを必ず併記せよ BECAUSE 今回 mpf=9 は累積 19823% で EW-12 14405% を上回っ,FOUND,FOUND,FOUND,no,
L333,dm-signal,多段 FoF では DB signal/holding_signal が portfolio UUID を保持するのが正常で、表示時だけ ticker へ展開される。browser cache に UUID 生値の FoF /api/sig,FOUND,FOUND,FOUND,yes,
L332,dm-signal,FoF of FoF 15体に対して `/admin/recalculate-sync?portfolio_id=...` を partial 実行すると、一部 target FoF の `signals/monthly_returns` ,FOUND,FOUND,FOUND,yes,
L331,dm-signal,sync-fof API実行後、L3_fof.locked=falseでも再計算が進行中の場合がある。38体FoF全件再計算は数分かかる。検証は最低60秒待ってから実施すべき。30秒で確認すると途中の状態を見て誤判断する。,FOUND,FOUND,FOUND,yes,
L330,dm-signal,sync-fof API実行後の検証は60秒以上待て。38体FoF全件再計算は数分かかり、locked=falseでも再計算進行中の可能性がある,FOUND,FOUND,FOUND,yes,
L329,dm-signal,IF 再レビューでreport artifact文言だけを直してPASSに近づける場合 THEN 修正を出力元scriptにも戻し再生成可能な状態でcommitせよ BECAUSE report.md単体は直っていてもp_bar_windo,FOUND,FOUND,FOUND,no,
L328,dm-signal,IF n_splits=5でmpf=1にすると各foldが1サンプルとなりttest_1sampの統計量がNaN→_calc_chunk_p_value()で1.0扱いになる THEN 短窓解禁時はMIN_PERIOD_LENGTHだけでな,FOUND,FOUND,FOUND,no,
L327,dm-signal,IF p̄ tie cutoffでselected_count > top_nが起こりうるBT reportを作る THEN 条件欄の固定文言(top_n=2; 50/50等)だけで済ませずtie_expansion_monthsと実効保有,FOUND,FOUND,FOUND,no,
L326,dm-signal,Monthly Returnsのような段階ロードUIでは、APIがtotal_monthsにlimit後件数を返すとShow All導線が消える。総件数はlimit前の真値を返し、FEの全件取得も固定上限ではなくtotal_monthsベー,FOUND,FOUND,FOUND,no,
L325,dm-signal,FoFで構成PFのsignal開始日だけを共通期間に使うと、長lookback selection block(例: 加速18M/24M)は開始直後に全除外/Cashを長期間出しうる。FoF開始時点の判定にはsignal availabil,FOUND,FOUND,FOUND,yes,
L324,dm-signal,n_splits=5でmonths_per_fold<12の場合、各foldが12ヶ月未満となりp̄がNaN。months_per_fold >= MIN_PERIOD_LENGTH=12が実効下限。設計時はcalc_p_average内部,FOUND,FOUND,FOUND,no,
L323,dm-signal,n_splits=5 の rolling p̄ 選出は月次returnsを5分割し各chunk最低12期間を要するため、live selection開始前に長い warm-up が発生し得る。今回も共通期間169ヶ月のうち37ヶ月は選出不能,FOUND,FOUND,FOUND,no,
L322,dm-signal,PFごとに全履歴で事前計算したスカラー指標を、そのまま候補集合の ranking に使うと、開始月・サンプル長の差が比較結果へ混入する。候補集合ごとに共通期間へ揃えて再計算するか、少なくとも比較に必要な start/end/sample_c,FOUND,FOUND,FOUND,no,
L321,dm-signal,`pytest tests/ -q` では `tests/test_admin_tiers.py` が `https://api.render.com/v1/services/.../env-vars/...` へ実アクセスし、,FOUND,FOUND,FOUND,yes,
L320,dm-signal,p̄検定は月次リターンの一貫した正のリターンを検定する。 朱雀のDNAはTMF/TMV切替で「大きな方向転換で稼ぐ」設計であり、,FOUND,FOUND,FOUND,no,
L319,dm-signal,本番DBのp_average_resultsテーブルが0行。deterioration-batchのcronは 毎月1日にrun_p_average_batch()を呼ぶが、データが蓄積されていない。,MISSING,FOUND,FOUND,yes,
L318,dm-signal,p̄検定は月次リターンの一貫した正のリターンを測定するため、退避が少ない安定型DM PFを優遇し、50%程度で方向を外す朱雀のDNA(債券方向スイッチ)と構造的に不適合。p̄≤0.05で朱雀全8PF全滅、16パターン全てで朱雀0体。これは品,FOUND,MISSING,FOUND,no,
L317,dm-signal,MetricsCalculatorにMax Run-up/Tail Contribution Ratio/Left-tail Jumps/ New High Frequencyが既に実装・テスト済み(test_right_tail_metr,FOUND,FOUND,FOUND,no,
L316,dm-signal,WSLから.venv/Scripts/ruff.exeを呼ぶ場合、/mnt/c/... absolute pathを渡すとC:\mnt\c\...と誤解釈されE902になる。hookはcwdをrepo rootに固定し、対象ファイルはrel,FOUND,FOUND,FOUND,no,
L315,dm-signal,response payload(IDB)とETag validator(IDB/Map)を別管理している構成で片方だけclearすると、If-None-Matchが残ったままpayloadが消え、304応答後に復元不能になる。generi,FOUND,FOUND,FOUND,no,
L314,dm-signal,CORSのデフォルトではsimple response headers(Cache-Control/Content-Language/Content-Type/Expires/Last-Modified/Pragma)のみFE(JavaSc,FOUND,FOUND,FOUND,no,
L313,dm-signal,DM-signal FEのキャッシュは5層構成(memory Map→IDB apiCache→IDB ETag→localStorage manifest→SW静的のみ)。apiCache.clear()はETag IDB(dm-sign,FOUND,FOUND,FOUND,yes,
L312,dm-signal,api-client.tsのisRetryableError()はネットワークエラー(failed to fetch/network/aborted/timeout)のみリトライ対象。 HTTP 5xx(サーバー一時障害)はリトライされない,FOUND,FOUND,FOUND,yes,
L311,dm-signal,cmd_962(kagemaru垂直偵察),FOUND,FOUND,FOUND,yes,
L310,dm-signal,cmd_962(kotaro垂直偵察),FOUND,FOUND,FOUND,yes,
L309,dm-signal,Next.js 14.x App Router + output:'export'環境では、<Link>によるclient-side navigation(RSCペイロード経由)が静かに失敗するケースがある。RSC fetchは走るがhis,FOUND,FOUND,FOUND,no,
L308,dm-signal,一次知識から解釈を除去するだけだと運用知識が失われる。浄化タスクでは除去内容の退避先(解釈層ファイル)をACに明示的に含め、同ターンで対で作成させるべき,MISSING,FOUND,MISSING,no,
L307,dm-signal,cmd_860/861/862の3回偵察で辞書20エントリを作成したが、A-G各忍者は自担当範囲の辞書を高品質に作れる一方、エントリ間の重複・矛盾・gap検出は不可能。統合専任(H)が全報告を横断的に読み、完全知識マップ+ロードマップ+横断,MISSING,MISSING,FOUND,no,
L306,dm-signal,ルールベース戦略はML固有の罠(F01/F03-F06)を構造的に回避するが、GS由来の過適合(backtest overfitting/多重検定/情報漏洩)にはMLA等と同等に脆弱。CPCV+DSRが最優先対策,FOUND,FOUND,FOUND,no,
L305,dm-signal,López de Prado手法の多くはtick/日次データ前提。月次84点で有効なのはCUSUM/Amihud月次集計/Binary Entropy程度。SADF/GSADFはn≥600推奨で月次では検出力不足,FOUND,MISSING,FOUND,no,
L304,dm-signal,López de Prado自身もn小の場合のNCO/HRP優位性は保証しない。四神FoF(n=2-5)ではPhase 1でEqualWeight対比の厳密OOS比較が必須。デノイジングもn/T<0.5では不要,FOUND,FOUND,FOUND,no,
L303,dm-signal,pandas .kurt()はexcess kurtosisを返す。PSR/DSR実装時にγ₄+3が必要な場面でγ₄を使うと過小評価,FOUND,FOUND,MISSING,no,
L302,dm-signal,DSR/PBO/MinBTL/CPCVは全て試行数に依存。champion指標だけ保存するGSでは後から検証不能。n_trialsと試行履歴をSSOT化せよ,FOUND,FOUND,FOUND,no,
L301,dm-signal,LC-D1: PSR/DSRは時系列順序を無視する根本的弱点がある。p平均法(期間分割t検定のp値平均)で補完必須。 LC-D2: 154;350パターンGSにBonferroni補正を適用すると全パターン非有意化。FDR(BH手続き)を使,FOUND,FOUND,FOUND,no,
L300,dm-signal,既存安定稼働バッチに手法を追加するより新バッチとして並走させる方が安全。deterioration_batch(244行)は触らずpersistence_batch(300-400行)を並走。P(det)結果はSELECTで参照。既存コード,FOUND,FOUND,FOUND,no,
L299,dm-signal,grid_search_metrics_v2.pyとrun_077_*は同じSharpe系指標を別々に計算。PSR/DSRのような統計推論指標を入れる時、片方だけ更新するとSQLiteとCSVで列不一致・定義不一致が起こる。統計指標はsha,FOUND,FOUND,FOUND,no,
L298,dm-signal,ADF+binary searchでdを選ぶ場合、全期間で一度だけd決定するとtest foldの定常性情報をtrainingに逆流させる。d選定は各training fold内限定で再実行しtest foldには固定済み重みだけを適用。,FOUND,FOUND,FOUND,no,
L297,dm-signal,PF間相関が高いpanelでは91本を独立時系列とも91次元共通emissionとも扱えない。HMMを市場レジーム検出に使うならcross-sectional特徴量圧縮かpartial pooling設計が必須。,FOUND,FOUND,FOUND,no,
L296,dm-signal,portfolio_config_snapshots=0/signal_detail_history=0の状態ではleakage-free履歴特徴量再現ができない。AFML/HMM/Meta-Labelingを入れる前にsnapshot/e,FOUND,FOUND,FOUND,yes,
L295,dm-signal,154;350パターンGSでは隣接感度/HAC/WFVでも偶然性championを完全排除できない。DSRは試行回数Nを数式に直接反映しP(SR*>0|N)を算出する唯一の理論的補正手段。GS runner内post-selectionフィ,FOUND,FOUND,FOUND,no,
L294,dm-signal,PSRとベイズは同じ問い(パフォーマンスは有意/持続的か)に答える。独立導入は情報二重カウント+UI判断麻痺。冗長性マトリクスを先に作成し吸収可能なものを特定してから導入判断すること。,FOUND,FOUND,FOUND,no,
L293,dm-signal,過適合防止を多層実装する場合、最終ゲート(Layer4: DSR/OOS R²/CPCV/ランク持続性)は上流Layer1-3の出力を一切参照せず生リターン系列のみから判定する設計が必須。Composite重みのGS最適化はメタ過適合を招く,FOUND,FOUND,FOUND,no,
L292,dm-signal,(1) 統計指標を非専門家に表示する場合、生数値ではなく信号機パターン(3色+灰)に正規化せよ。 DM-Signalの色丸パターン(deterioration-colors.ts)が成功例。,FOUND,FOUND,FOUND,no,
L291,dm-signal,DM-Signal active 91PF の monthly_return_open 共通169ヶ月で pairwise 相関は mean 0.610 / median 0.623 / p90 0.814 と高い。panel 化や par,FOUND,FOUND,FOUND,yes,
L290,dm-signal,P(det) は rolling recent vs long の方向付き悪化確率であり、未知の break date を探索する structural break test ではない。レジーム検出を追加する場合は『break 検出』と『b,FOUND,FOUND,FOUND,no,
L289,dm-signal,91PF pairwise相関mean 0.610。panel OOS評価やranking系統はmonth-cluster/PF-clusterを考慮。pooled t-stat/naive CVをそのまま信じない。階層ベイズ/partia,FOUND,FOUND,FOUND,no,
L288,dm-signal,IS 46M + OOS 32MでR²_OOS=0.02-0.05の改善は有意にならない可能性が高い。Clark-West検定でも最低水準。169M共通パネルの84M train + 85M rolling OOSなら検証可能圏。判定基準に,FOUND,FOUND,MISSING,no,
L287,dm-signal,P(det)=72%を見ると非専門家は「ほぼ確実」と過信。対策: 頻度リフレーミング「過去10ヶ月中3ヶ月は下落」を並記。百分位ランク(「上位30%の健全度」)は絶対値より行動誘発力が高い,FOUND,FOUND,FOUND,no,
L286,dm-signal,allocation blockはholdings決定の責務に留め、predictive validationはrunner側のwalk-forward evaluatorに分離。既存parity/registryを壊さず拡張可能。GS m,FOUND,FOUND,FOUND,no,
L285,dm-signal,P(det)はrolling recent vs longの方向付き悪化確率(生成過程変化を探索しない)。構造変化検定はbreak dateを探索し生成過程の変化を検出。補完関係が自然。レジーム検出追加時は(1)break検出と(2)bre,FOUND,FOUND,FOUND,no,
L284,dm-signal,全手法を緑(健全)/黄(注意)/赤(要対応)+灰(データ不足)の4状態に正規化。既存deterioration-colors.tsパターンと互換。Layer1=統合スコア色丸+アクション(全員); Layer2=4手法ミニ色丸(中級); L,MISSING,FOUND,FOUND,no,
L283,dm-signal,DeteriorationReplacementFilterBlock等がFoFパイプラインでsnapshot参照する場合、year_month = target_date - 1monthの固定ルール。当月snapshotは参照しない。s,FOUND,FOUND,FOUND,no,
L282,dm-signal,pairwise相関mean 0.610/median 0.623/p90 0.814。3層依存構造: (1)同一ファミリーρ≈0.85-0.99 (2)四神ρ≈0.3-0.7 (3)FoF→L1線形結合。全91PFでスピアマンρ等を計算す,FOUND,FOUND,FOUND,no,
L281,dm-signal,DM-Signal active 91PFにはTQQQ/TECL/SPXL/TMF等3xレバレッジETF含む。月次リターン尖度5-8(正規=3)。正規尤度ベイズ、SupF検定等は系統的にリスクを過小評価。対策: t分布尤度(自由度5-10),FOUND,FOUND,FOUND,no,
L280,dm-signal,投資UIの語彙は行動に直結。recommend→candidateの語彙選択がwhipsaw抑制の生命線。遅行指標ベースのアクション提案は単月閾値ではなく連続月数条件にしないとwhipsaw誘発。Progressive Disclosure,FOUND,FOUND,FOUND,no,
L279,dm-signal,newey_west_var_of_mean()のlag=max(1;floor(4*(n/100)^(2/9)))でn=6ではlag=1。6サンプルでの自己相関推定は不正確。P6を入替トリガーに単独使用すると偽陽性リスクが高い。P12/P,MISSING,FOUND,FOUND,no,
L278,dm-signal,deterioration monitor UI/API label(GOOD/EARLY_WARNING等)をそのまま売買ルールのsix-stage severityと見なすと仕様文と衝突。戦略用thresholdはUI表示名と分離したo,FOUND,FOUND,FOUND,no,
L277,dm-signal,Deterioration Monitorのhistory UIは、batchがcurrent monthしかUPSERTしない状態ではhistory APIが1点返却に退化。FE/APIのmonths defaultが6のままでは12ヶ月,FOUND,FOUND,FOUND,yes,
L276,dm-signal,Chrome/Edgeが通常起動中でもremote-debugging-portは未開通のことがある。CDP preflightはprocess検知後も/json/versionを確認し、port deadならuser-data-dir分離,FOUND,FOUND,FOUND,no,
L275,dm-signal,共有CDPプロファイルではservice worker/route状態に引きずられ、/compare-summaryへのnavigateが別ページ着地へ化けた。性能計測は専用port+専用user-data-dirの隔離ブラウザで行うと再現,FOUND,FOUND,FOUND,no,
L274,dm-signal,IF production viewer pages を CDP reload 計測する THEN `h1` 固定の待機条件に依存せず、認証壁・封鎖ページ・ページ固有DOM差を含めた ready 判定を持て BECAUSE cmd_852 ,FOUND,FOUND,FOUND,no,
L273,dm-signal,cmd_856で/api/signalsは91PF全件一致だが、/api/monthly-returnsと/api/performanceは15/15PFで不一致。差分は全て2026-03のcurrent monthに限定、2026-02以,FOUND,FOUND,FOUND,yes,
L272,dm-signal,IndexedDB get()のawaitがrequestOnceInternal内に入るとSWRバックグラウンドrevalidationでfetchが呼ばれる前にmicrotask境界が挿入されテストのタイミングアサーションが壊れる。et,FOUND,FOUND,FOUND,yes,
L271,dm-signal,日次→月次precompute置換ではyears>0のcutoffが月途中になるとpartial month parityが崩れる。境界月のみdaily pathを残し以降のfull monthをTickerMonthlyReturnに寄せ,FOUND,FOUND,FOUND,no,
L270,dm-signal,output:exportとSW bypassが揃っていてもportal配下のnavがclick同期でsetIsOpen(false)を打つとLink/router遷移は消される。mobile menuはpathname change後cl,FOUND,FOUND,FOUND,no,
L269,dm-signal,FoF 展開の request-scope cache は DB上の holdings 解決専用に保ち、viewer/admin 差や masking を key に混ぜない方が安全で高速。権限制御は route で visible por,FOUND,FOUND,FOUND,yes,
L268,dm-signal,Render PostgreSQLはメンテナンス/瞬断で接続断が起きる。pool_pre_ping=Trueで生存確認を追加すべき(~1msオーバーヘッド)。uvicorn pre-forkでは各workerが独立in-memoryキャッシ,FOUND,FOUND,FOUND,yes,
L267,dm-signal,etagStoreにetag+dataを保持するとapiCacheと同一データがRAM上に2重存在する。etag文字列だけ保持すれば十分(304時はapiCacheから復元可能)。,FOUND,FOUND,FOUND,no,
L266,dm-signal,global providerのcurrent page prefetchとpage componentのuseEffectが同一APIを二重起動する構成は、pending-request dedupeがあってもeffect起動回数・sta,FOUND,FOUND,FOUND,no,
L265,dm-signal,window.location.hrefへの代入はフルリロードを引き起こす。静的エクスポートでもrouter.push()やLinkコンポーネントでのclient-side routing遷移は正常動作する。ページ遷移0.8-1.5s→0.,FOUND,FOUND,FOUND,no,
L264,dm-signal,benchmark APIはTickerDailyReturn(raw)から月次複利積をPython再計算しているが、TickerMonthlyReturn(precomputed)に同等データ格納済み。precomputed存在時にfas,FOUND,FOUND,FOUND,no,
L263,dm-signal,SWRのstale cacheをIndexedDB永続化しても、ETag/If-None-Matchのvalidatorがメモリにしか無ければhard reload後の再検証は常に200 full payloadへ退化する。データcache,FOUND,FOUND,FOUND,yes,
L262,dm-signal,expand_portfolio_to_tickers()自体がcache引数を受け取れても、呼び出し側がrequest全体で共有しなければ同じcomponent portfolioをFoFごとに再読込する。route層でpreloaded,FOUND,FOUND,FOUND,yes,
L261,dm-signal,事前計算テーブル欠落は性能劣化だけでなく fallback 経路の常時発火を招く。prices>0 && precompute=0 のような矛盾条件は admin 画面の件数表示だけでなく /healthz/deep の degraded ,FOUND,FOUND,FOUND,no,
L260,dm-signal,API が years/months で返却窓を絞っていても、下流の precomputed table query や fallback Price query に境界を渡さないと単一SQLが最大ボトルネック化する。特に annual→m,FOUND,FOUND,FOUND,yes,
L259,dm-signal,N+1最適化でbulk preloadを導入する際、既存テストがmock DBを使用していると bulk preloadの内部クエリ(load_business_days等)がMock上で失敗する。,MISSING,FOUND,FOUND,yes,
L258,dm-signal,cmd_820 kagemaru発見,FOUND,FOUND,FOUND,yes,
L257,dm-signal,monthly_trade APIはresponse_model未指定でraw payload返却。price_movement/calculated_return_open/close/matched_weight/is_pendingは,FOUND,FOUND,FOUND,yes,
L255,dm-signal,monthly-returns APIはticker_monthly_returnsが空になるとfallbackに落ちるが、fallbackがPrice全履歴を読む実装だとquick path(months=12)が即座に無効化される。fa,FOUND,FOUND,FOUND,yes,
L254,dm-signal,expand_portfolio_to_tickers() / get_portfolio_all_tickers() は単体では正しいが、request-scope cache を渡さず loop 内で繰り返すと FoF signal・c,FOUND,FOUND,FOUND,yes,
L253,dm-signal,フレームワーク自体の変更量は管理可能でも、サードパーティ(react-katex等)のReact新版対応不明が最大リスクになる。大バージョンアップ偵察では本体の変更点よりも依存パッケージのpeer dependency対応状況を先に調査すべ,FOUND,FOUND,FOUND,no,
L252,dm-signal,PriceCacheパターン(一括ロード+O(1)参照)はmonthly_trade_calculatorでも適用可能。FoF展開共通関数をloop内で呼ぶ時はsignal_cache/portfolio_cache未注入だとquery s,FOUND,FOUND,FOUND,yes,
L251,dm-signal,frontend の Jest は 30.1.3。旧CLIフラグ `--testPathPattern` は即時エラーになり、 そのままでは AC2 を満たせない。task/手順書に残る旧フラグは `--testPathPatterns`,FOUND,FOUND,FOUND,no,
L250,dm-signal,cmd_791 再レビューで、修正対象2本は更新されていた一方 backend/tests/test_monthly_returns_056_fields.py の xfail pending tests と冒頭 docstring に e,FOUND,FOUND,FOUND,yes,
L249,dm-signal,ローカルbackend/.envのVIEWER_PASSは本番と値がズレる場合がある。偵察やベースライン取得で認証が必要な場合はRender env APIから現行値を確認すべし。またhidden PFはviewer tierで404になる,FOUND,FOUND,FOUND,yes,
L248,dm-signal,SignalsProvider が fresh `/api/signals` 後に常に dashboard用 `mtd + performance(3y/full)` を起動していた。selected PF only に縮退しても rout,FOUND,FOUND,FOUND,yes,
L247,dm-signal,`frontend/hooks/usePrefetch.ts` は選択PFで11本、他PFで10本のAPIを自動発火する。PF数20/50/100で概算203/503/1003 requestsとなり、backend個別最適化を容易に相殺す,FOUND,FOUND,FOUND,no,
L246,dm-signal,monthly_returns_calculatorのmonths引数はレスポンス末尾sliceのみ。precomputed経路の_calculate_ticker_monthly_returns()がTickerMonthlyReturn,FOUND,FOUND,FOUND,no,
L245,dm-signal,compare-summary/deteriorationはSet multi-select、selector/navはscalar single-select。見た目重複だけで巨大hookに統合すると過抽象化。正しい順序: (1)rest,FOUND,FOUND,FOUND,no,
L244,dm-signal,frontend/hooks/usePrefetch.tsは選択PFで11本、他PFで10本のAPIを自動発火。100PFで1003リクエスト。endpoint単体の高速化はこのファンアウトに相殺される。route非依存prefetch(d,FOUND,FOUND,FOUND,no,
L243,dm-signal,今回 `npm run build` は `out/_next/static/media` の ENOTEMPTY で最終失敗したが、その前に `.next/app-build-manifest.json` と `react-loadabl,FOUND,FOUND,FOUND,no,
L242,dm-signal,trade-rule更新後にbusiness_rulesやcalculation-theoryを参照する二次表・引用表が残りやすい。更新対象セクションだけでなく正規データソース階層|Level 0|Level 1|Level 2|calcu,FOUND,FOUND,FOUND,no,
L241,dm-signal,calculate_trade_period_return()が月次複利合成に変更されdel文で旧引数を無視。しかし呼び出し元(trade_performance.py)は依然として不要値を計算して渡している。SSOT関数の内部実装変更時は,FOUND,FOUND,FOUND,no,
L240,dm-signal,Open/Closeのデフォルトを判断する時は、このシステムのデフォルトがOpen-to-OpenでありClose-to-Closeではないことを前提にする。DM-Signalの設計思想としてOpen-to-Openが基準。,FOUND,FOUND,FOUND,no,
L239,dm-signal,Open-to-Open計算を修正する時は、T日Open→T+N日Openという異なる日のOpen同士を結ぶ定義を守る。T日Open→T日CloseはOpen-to-Closeであり、intraday returnなので月次リターンではない,FOUND,FOUND,FOUND,no,
L238,dm-signal,FoF展開のシグナル参照日を修正する時は、当月初営業日(position_start_date)のholding_signalを参照する。前月末日のholding_signalを使うと前回リバランス時点の古い保有を拾ってしまう。,FOUND,FOUND,FOUND,yes,
L237,dm-signal,日次リターンから月次を計算する時は日次複利積 Π(1+r)-1 を使わず、価格比×ウェイトを使う。日次複利積は毎日リバランスを暗黙に仮定するため不正。,MISSING,FOUND,MISSING,no,
L236,dm-signal,リターン計算を修正する時は Return = Σ w_i × (P_end/P_start - 1) を使い、累積インデックスの比をリターンだと解釈してはならない。累積インデックス比ではリバランスを正しく反映できない。,FOUND,FOUND,FOUND,no,
L235,dm-signal,Monthly TradeまたはMonthly Returnsの計算を修正したら、同一年月・同一PFでMonthly Trade ReturnとMonthly Returns Returnが完全一致することを検証する。不一致は2経路のどちら,FOUND,FOUND,FOUND,no,
L234,dm-signal,モメンタム/シグナル判定は常にClose価格を使い、Open価格での判定を禁止する。Open/Close選択を許すのはリターン計算だけで、判定とリターンで価格系列を交差させてはならない。,FOUND,FOUND,FOUND,no,
L233,dm-signal,Open/Closeは独立計算系列として扱い、同一計算パス内でOpen価格とClose価格を混在させるな。混在させるとリターン計算が数学的に不正になる。,FOUND,FOUND,MISSING,no,
L232,dm-signal,holding_signalの更新タイミングはStep0（パフォーマンス計算前）で行われ、last_generated_signals（前月末の生signal）をcurrent_holding_signalsに反映する。月中のsignal変,FOUND,FOUND,FOUND,yes,
L231,dm-signal,DM-Signal では `useAdminPage.ts` と `signals-context.tsx` が browser API・localStorage・network orchestration を抱える一方、hooks 配下テ,FOUND,FOUND,FOUND,yes,
L230,dm-signal,frontend/lib/api-cache.tsはbrowser環境でcleanup setIntervalを開始する。jsdom unit testがapi-client/admin-auth経由でこれをimportするとopen ha,FOUND,FOUND,FOUND,no,
L229,dm-signal,IndexedDB 永続 cache を持つ request 層で cache hit 時 short-circuit return している場合、 `clearSignalsCache()` を消すだけでは stale-while-rev,FOUND,FOUND,FOUND,yes,
L228,dm-signal,FE api-client.tsはresponse.ok(200-299のみtrue)で成功判定しており、304 Not Modifiedがエラー扱いされる。If-None-Matchヘッダも未送信。BE側の既存ETag実装3件(annua,FOUND,FOUND,FOUND,no,
L227,dm-signal,DM-Signal frontend では admin session truth を `admin_session_active` に投影しているが、public side の複数 consumer がその同期flagだけで admin ,FOUND,FOUND,FOUND,no,
L226,dm-signal,`useAdminAuth()` / `useAdminPage()` 利用ページでは、`isAuthenticated` 初期値が false のため、 mount 直後に `isCheckingAuth` を先に捌かないと sessio,FOUND,FOUND,FOUND,no,
L224,dm-signal,kirimaru発見。api singleton の pendingRequests を beforeEach で明示クリアし、waitFor で観測すべき。,FOUND,FOUND,FOUND,no,
L223,dm-signal,DM-Signalのbackend/.envにはそのままsourceすると副作用を起こす行がある。ADMIN_USER/ADMIN_PASSのような必要キーだけ grep '^KEY=' | cut -d= -f2- で抜く方式が安全。li,FOUND,FOUND,FOUND,yes,
L222,dm-signal,"statistics.median/meanはfloatを返すため、JSON経由でshellに渡す際にint()変換が必要。 bash [ ""$var"" -le N ] は整数文字列のみ受理。""1000.0""でエラーになる。",FOUND,FOUND,FOUND,no,
L221,dm-signal,frontend の遷移導線が `window.location.href` ベースのままなら、見かけ上のページ切替でも reload 副作用が混ざる。 benchmark では `warm`(hard reload) と `spa`(si,FOUND,FOUND,MISSING,no,
L220,dm-signal,require_pf_name=Trueだけでなくspinner閾値をcold計測用に緩和するか、計測開始前にバックエンドAPIウォームアップ(performance/metricsエンドポイントpre-call)追加が必要,FOUND,FOUND,FOUND,no,
L219,dm-signal,Render Static -> Vercel/Cloudflare/Netlify への frontend-only 移行は、deploy体験・preview・将来SSRの足場には効く。 しかし DM-signal 現況では `/api/,FOUND,FOUND,FOUND,yes,
L218,dm-signal,context/dm-signal-frontend.md §8では「SPA遷移化完了(cmd_647/650)」と記載されているが、 sidebar.tsx L195; dropdown-menu.tsx L55; page-naviga,FOUND,FOUND,FOUND,no,
L217,dm-signal,`SignalsContext.loadSignals()` 成功直後に `prefetchAll()` を無条件起動すると、 入口の `/api/signals` 自体が軽量でも、その後段で `other PF × 10 API` の f,FOUND,FOUND,FOUND,yes,
L216,dm-signal,cmd_719 の context_files は /mnt/c/Python_app/DM-signal/frontend/next.config.js を指していたが実体は next.config.mjs。偵察開始時の参照失敗を防ぐため,FOUND,FOUND,FOUND,yes,
L215,dm-signal,DM-signalのviewer passwordはRender側で月次更新され、repo内backend/.envはstaleになり得る。CDP自動認証でlocal fileを先に試すと401を重ねてrate limitに達しうるため、p,FOUND,FOUND,FOUND,yes,
L214,dm-signal,`localhost:3000` や static export 配信先で CDP 計測を始めても、実 DOM が 「只今、城の修繕中にございます」の障害画面なら timing は無意味になる。,FOUND,FOUND,MISSING,no,
L213,dm-signal,DM-signal本番の公開ページ検証は、先に/api/auth/verify-viewerでviewer session+dm_viewer_tokenを確立してからCDP計測すべき。未認証状態ではDashboard shellだけ描画さ,FOUND,FOUND,FOUND,yes,
L212,dm-signal,IF: CDP性能計測を実施する時 THEN: wall-clock計測前にbody text/ready state/auth modalの3点を確認し、正常画面でない場合は即座に前提不足として返せ (BECAUSE: 障害画面やフォール,FOUND,FOUND,FOUND,no,
L211,dm-signal,IF: DM-signal本番でCDP性能計測する時 THEN: 先に/api/auth/verify-viewerでviewer session+dm_viewer_tokenを確立してからCDP計測せよ (BECAUSE: 未認証状態で,FOUND,FOUND,FOUND,yes,
L210,dm-signal,CDP Runtime.evaluateのawaitPromise=trueで長時間(>30s)の非同期JS実行は、PowerShell WebSocket経由だと空応答になる。fire-and-forget(同期eval)でJSを起動し、,FOUND,FOUND,FOUND,no,
L209,dm-signal,Sidebar が `window.location.href` を使う構成では、見かけ上「ページ遷移」でも root layout が再マウントされ、 `/api/signals` 再取得と `prefetchAll()` 再起動が混入す,FOUND,FOUND,FOUND,yes,
L208,dm-signal,`docs/future-01/004` §11.1 では Tier1即時=Dashboard必須5API、Tier1 Extra=他ページ用4API に分離済みだった。 しかし現行 `frontend/hooks/usePrefetch.,FOUND,FOUND,FOUND,no,
L207,dm-signal,cmd_668でusePrefetch.tsへyears=0を追加しても、本番PF切替9.3-9.7秒、ページ遷移9.3-9.5秒。キャッシュキー不一致修正だけではSemaphore競合残存でUX改善されず。性能改善は修正直後の本番実測で再,FOUND,FOUND,FOUND,no,
L206,dm-signal,prefetchと消費側でAPIパラメータ(years等)が一致しないとキャッシュが永久ミスする。 usePrefetch.ts: years=3;20 vs dashboard: years=3;0 → years=0は常にネットワークフ,FOUND,FOUND,FOUND,no,
L205,dm-signal,cmd_645(Content-Type書き換え)とcmd_646(API SWRキャッシュ)は同じsw.jsへの変更。統合実装で1回のSW更新により「SPA遷移復活」+「全ページ瞬間表示」の両方を実現できる。個別に実装すると2回のSW更新,FOUND,FOUND,FOUND,no,
L204,dm-signal,selected PF や folder filter のような小さなUI stateは localStorage で十分だが、 multi-year 時系列APIレスポンスまで同じ層へ載せると容量不足と同期ブロックを招く。,FOUND,FOUND,FOUND,yes,
L203,dm-signal,現行sw.jsはL75-79で/api/*リクエストを完全バイパスしている。 このため、APIレスポンスはSW Cache APIに保存されず、,FOUND,FOUND,FOUND,no,
L202,dm-signal,Render公式docsの例では/*.cssと/**/*.cssが併記されており、**だけではroot直下を包含しない。Static ExportのRSC payloadをindex.txtで配信する構成では、/*.txtと/**/*.tx,FOUND,FOUND,FOUND,yes,
L201,dm-signal,useEffect([closeMenu; isOpen; pathname])でisOpenが依存にあると、メニューを開く操作(isOpen: false→true)でもeffectが発火しcloseMenu()が即実行される。pathn,FOUND,FOUND,FOUND,no,
L200,dm-signal,createPortal配下のメニュー項目をnext/link化する際、onClickでsetIsOpen(false)を即実行するとLink要素がDOMから消え、内部の非同期navigationが完了前に中断される。closeはpathn,FOUND,FOUND,FOUND,no,
L199,dm-signal,npm run buildがENOENT pages-manifest.jsonで落ちても即コード回帰と決めつけず.next生成物を掃除して再buildすべき。revert差分とは無関係に.nextを空にした再実行で成功することがある,FOUND,FOUND,FOUND,no,
L198,dm-signal,App Router export本番のLink/router.pushは/{route}/index.txt?_rsc=...をfetchする。custom SWがこの経路を一般fetchと同列に扱うとstale worker/cache,FOUND,FOUND,FOUND,yes,
L197,dm-signal,Next.js App Router + Static Export(output:export)のSPA遷移は/{route}/index.txt?_rsc=hashへのfetchに100%依存。ホスティングがtext/plainで返しリ,FOUND,FOUND,FOUND,yes,
L196,dm-signal,同一ページ内query更新のrouter.push実績はページ間遷移の直接証拠にならない。一方Next.js公式がStatic Export+next/linkのclient-side navigationを明示しているなら、局所実装の限定,FOUND,FOUND,FOUND,no,
L195,dm-signal,Next.js Static Export(output:'export')はRSC Payloadをindex.txtとして静的生成する。「サーバーがないからRSC Payloadがない」という推論は誤り。フレームワークの挙動について原理,FOUND,FOUND,FOUND,no,
L194,dm-signal,WSL2環境ではpython3-venvが未インストールの場合テスト実行が完全にブロックされる。棚卸し時にpytest実行を前提とするなら環境確認を事前チェックに含めるべき,MISSING,FOUND,FOUND,no,
L193,dm-signal,"cmd_618 レビューで `frontend/lib/faq-content.ts:96;708` に admin panel/管理画面説明が残り AC15 を落とした。公開向けFAQ/Docsの最終確認では `rg -n ""admin ",FOUND,FOUND,FOUND,no,
L192,dm-signal,表示分岐で runtime 上は安全でも、union key を広げた直後の `row.metrics[key]` のような添字アクセスは TypeScript で破綻する。列追加レビューでは `tsc --noEmit` を必須にして c,FOUND,FOUND,FOUND,no,
L191,dm-signal,表示分岐でruntime上は安全でも、union key を広げた直後の row.metrics[key] のような添字アクセスは TypeScript で破綻する。列追加レビューでは tsc --noEmit を必須にして compile,FOUND,FOUND,FOUND,no,
L190,dm-signal,IF analytics tier集計でadminをtrack時にNULL化していたため、summary側でadmin/unauthenticatedを分離できなかった時 THEN analytics tier集計でadminをtrack時,FOUND,FOUND,FOUND,no,
L189,dm-signal,IF ナビ順序や表示対象を複数ファイルで個別定義すると、1箇所更新時に他所が追従せず差分ドリフトが起きる時 THEN ナビ順序や表示対象を複数ファイルで個別定義すると、1箇所更新時に他所が追従せず差分ドリフトが起きる ナビ順序や表示対象を複,FOUND,FOUND,FOUND,no,
L188,dm-signal,IF ページ間遷移がwindow.location.hrefだとSPA状態が毎回破棄されるため、永続化要件にはlocalStorageまたはURLパラメータを併用する設計が必要時 THEN ページ間遷移がwindow.location.hr,FOUND,FOUND,FOUND,no,
L187,dm-signal,IF compare関数単体でnull末尾でも、desc時の符号反転で順序が逆転し得る時 THEN compare関数単体でnull末尾でも、desc時の符号反転で順序が逆転し得る compare関数単体でnull末尾でも、desc時の符号,FOUND,FOUND,FOUND,no,
L186,dm-signal,IF 本件は3/5を比較軸にしたがMAX(date)が3/4だったため変動有無とデータ未投入を分離できた時 THEN 本件は3/5を比較軸にしたがMAX(date)が3/4だったため変動有無とデータ未投入を分離できた 本件は3/5を比較軸に,FOUND,FOUND,FOUND,no,
L185,dm-signal,IF 今回のUI改修では列の追加・削除・mobile可視制御・sort定義をCOLUMNS/ColumnKey/getSortValueで一貫管理したことで、差分漏れなく一括更新できた時 THEN 今回のUI改修では列の追加・削除・mobi,FOUND,FOUND,FOUND,no,
L184,dm-signal,IF 6ラベルの条件を1行1条件で表にしたことで、backend classify_labelの閾値(0.70/0.80/0.85)との照合が容易になり、レビュー時の見落としを減らせた時 THEN 6ラベルの条件を1行1条件で表にしたことで,FOUND,FOUND,FOUND,no,
L183,dm-signal,compare-summaryとdeteriorationでselectedFolderIds+toggleFolder+All/Clear実装を揃えたことで、ページ間挙動差分の検証が最小化できた。,FOUND,FOUND,FOUND,no,
L182,dm-signal,FolderFilterChipコンポーネントがcompare-summary/page.tsxとdeterioration/page.tsxで完全重複(同一コード)。共通コンポーネント(@/components/folder-filter,FOUND,FOUND,FOUND,no,
L181,dm-signal,IF api.getDeteriorationList()のレスポンスにfolder_idが含まれない時 THEN api.getDeteriorationList()のレスポンスにfolder_idが含まれない api.getDeteri,FOUND,FOUND,FOUND,yes,
L180,dm-signal,IF render.yamlで新規cronジョブ追加時、envVarsのsync:false(シークレット)はIaCで自動反映されずRenderダッシュボードで手動設定が必要時 THEN render.yamlで新規cronジョブ追加時、e,FOUND,FOUND,FOUND,yes,
L179,dm-signal,IF 新機能のサービス層でscipy等の外部ライブラリを使用する場合、パイロット版（ローカル環境）では仮想環境にpip installされていても、本番デプロイ用のrequirements.txtに追記し忘れることがある時 THEN 新機能,FOUND,FOUND,FOUND,no,
L178,dm-signal,Render本番のAPI障害では、`/openapi.json`で対象path有無を最初に確認すると、認証・CORS・DB要因より先に『デプロイドリフト/未反映』を即断できる。,FOUND,FOUND,FOUND,yes,
L177,dm-signal,IF FastAPI系の404では本番/openapi.jsonに当該pathが存在するか先に見ると、コード不具合ではなくデプロイドリフトを短時間で確定できる時 THEN FastAPI系の404では本番/openapi.jsonに当該pa,FOUND,FOUND,MISSING,yes,
L176,dm-signal,IF Trendの同一ラベル分岐(±0.05)はcurrent p12だけでは判定不能時 THEN Trendの同一ラベル分岐(±0.05)はcurrent p12だけでは判定不能 Trendの同一ラベル分岐(±0.05)はcurrent ,FOUND,FOUND,FOUND,no,
L175,dm-signal,IF パイロット版→本番移植のパリティ検証では、(1)定数値の完全一致(2)関数シグネチャの一致(3)アルゴリズムロジックの行単位比較の3層確認が有効時 THEN パイロット版→本番移植のパリティ検証では、(1)定数値の完全一致(2)関数シ,FOUND,FOUND,MISSING,no,
L174,dm-signal,IF portfolio_idごとにMAX(year_month)（as_of未満）を先に求めるサブクエリを作り、時 THEN `portfolio_id`ごとに`MAX(year_month)`（as_of未満）を先に求めるサブクエリを作,FOUND,FOUND,FOUND,yes,
L173,dm-signal,IF DB層とコア計算を分離して移植対象を明確化すると、パリティ検証も関数単位で網羅できる時 THEN DB層とコア計算を分離して移植対象を明確化すると、パリティ検証も関数単位で網羅できる DB層とコア計算を分離して移植対象を明確化すると、,FOUND,FOUND,FOUND,yes,
L172,dm-signal,IF migrationで「新規作成分岐」と「既存追設分岐」を分ける場合、時 THEN migrationで「新規作成分岐」と「既存追設分岐」を分ける場合、 migrationで「新規作成分岐」と「既存追設分岐」を分ける場合、,MISSING,FOUND,MISSING,no,
L171,dm-signal,IF PostgreSQL固有のINSERT ON CONFLICTより、SQLAlchemyのdb.merge()がORM UPSERTとして簡潔で保守性が高い時 THEN PostgreSQL固有のINSERT ON CONFLICTよ,FOUND,FOUND,FOUND,yes,
L170,dm-signal,IF ドキュメント補完レビューではまずgit diffで変更スコープを固定し次に仕様書の節番号で照合すると網羅性不足と矛盾を短時間で検出できる時 THEN ドキュメント補完レビューではまずgit diffで変更スコープを固定し次に仕様書の節,FOUND,FOUND,FOUND,no,
L169,dm-signal,IF A/B/C/Dを先に固定し、各行に仕様書の章参照を付与すると、追記の網羅性確認と矛盾検出が高速化する時 THEN A/B/C/Dを先に固定し、各行に仕様書の章参照を付与すると、追記の網羅性確認と矛盾検出が高速化する A/B/C/Dを先,FOUND,FOUND,FOUND,no,
L168,dm-signal,今回、module参照の有無（importベース）とメソッド呼び出し有無（api.<method>ベース）を分けて集計したことで、 `testAuth` のような実使用関数を誤って未使用扱いする誤判定を防げた。,FOUND,FOUND,FOUND,no,
L167,dm-signal,IF 今回、python.exe実行ログでは日本語PF名が文字化けしたが、CSV実体のfund列は正常だった時 THEN 今回、python.exe実行ログでは日本語PF名が文字化けしたが、CSV実体のfund列は正常だった 今回、pyth,FOUND,FOUND,FOUND,no,
L166,dm-signal,K=120;n=12ではE[d_roll]が約-66sで飽和し、遅い劣化（年率1-2%/year低下）はP_det上昇が限定的。固定アンカー差分やμ_longトレンドを副指標として併記しないと『long基準の沈み』を見逃しやすい。,MISSING,MISSING,FOUND,no,
L165,dm-signal,P(deterioration)でローリングlong基準（K=120）を使うと、 期待差分 E[d] = β·(n+K)/2 が時間に依存しない定数になる。,FOUND,FOUND,FOUND,no,
L164,dm-signal,IF 今回、_deprecated移動後の復元容易性(AC7)は差分ゼロ主張だけでは弱い時 THEN 今回、_deprecated移動後の復元容易性(AC7)は差分ゼロ主張だけでは弱い 今回、_deprecated移動後の復元容易性(AC7,FOUND,FOUND,FOUND,no,
L163,dm-signal,IF ルートディスコンを実施する時 THEN 復活手順（最小）: 復活手順（最小）:,FOUND,MISSING,MISSING,no,
L162,dm-signal,Next.js filesystem routing + output='export' 構成では、削除より差し替えが安全。/ を触ると nav( sidebar/mobile )・PORTFOLIO_PARAM_PAGES・visibil,FOUND,FOUND,FOUND,yes,
L161,dm-signal,frontend-discon,FOUND,FOUND,FOUND,no,
L160,dm-signal,IF architecture時 THEN architecture architecture,FOUND,FOUND,FOUND,yes,
L159,dm-signal,IF layout最上位でProviderが全ページをラップしている構造では、ページ個別実装よりProviderでの条件分岐が最小差分で安全時 THEN layout最上位でProviderが全ページをラップしている構造では、ページ個別実装,MISSING,FOUND,MISSING,yes,
L158,dm-signal,python3環境にpytestが無くても、Windows形式venvがある場合は .venv/Scripts/python.exe -m pytest で検証可能。preflightでvenv形式を先に判定すると詰まりを回避できる。,FOUND,FOUND,FOUND,no,
L157,dm-signal,IF _get_pending_month で当月/翌月の候補化前に is_rebalance_month(trigger; month) をかけることで、quarterly/bimonthly での不要な pending 判定呼び出しを防,FOUND,FOUND,FOUND,no,
L156,dm-signal,IF /api/signals: as_of=DBの最新Signal.date(市場最新日基準)時 THEN /api/signals: as_of=DBの最新Signal.date(市場最新日基準) /api/signals: as_of,FOUND,FOUND,FOUND,yes,
L155,dm-signal,_check_pending_for_month()と_create_pending_entry()の両方でget_last_rebalance_month_end_business(db; monthly; ...)とrebalance_,FOUND,FOUND,FOUND,yes,
L154,dm-signal,IF monthly/annualはbalance、rolling summaryはaverage/high/lowでbenchmark側だけclose固定漏れが起きやすい時 THEN monthly/annualはbalance、roll,FOUND,FOUND,FOUND,no,
L153,dm-signal,IF standardのpending判定をtrigger共通で計算し、その結果をFoFへ集約すると、月次専用分岐やFoF固定False由来の不整合を同時に解消できる時 THEN standardのpending判定をtrigger共通で計,FOUND,FOUND,FOUND,yes,
L152,dm-signal,今回、変更対象の回帰テストはPASSした一方で、既存lint/tsc基盤エラーが残っており全量PASS判定を阻害した。今後はAC4に『対象テスト』と『全体静的検証』の別判定を明文化すると再判定コストを下げられる。,FOUND,FOUND,FOUND,no,
L151,dm-signal,IF Monthly/Annual/Rolling summary等でbenchmark側だけclose固定の箇所が残り、portfolioとbenchmarkで比較表示が非対称化した時 THEN Monthly/Annual/Rollin,FOUND,FOUND,FOUND,no,
L150,dm-signal,IF cmd_493再配備では、欠落アーティファクトを未検証値として明示し、実在するoutputs/archiveのみで本文を構成したことで、推測混入を抑止できた時 THEN cmd_493再配備では、欠落アーティファクトを未検証値として明,FOUND,FOUND,FOUND,no,
L149,dm-signal,IF 今回、outputs/grid_search/*_champion_monthly_returns.csv が実在せず、現行は *_grid_monthly_fast.csv 系だった時 THEN 今回、outputs/grid_se,FOUND,FOUND,FOUND,no,
L148,dm-signal,IF Phase 3.7の_sample_indexは営業日のみだがPhase 4は土日スキップのみ時 THEN Phase 3.7の_sample_indexは営業日のみだがPhase 4は土日スキップのみ Phase 3.7の_samp,FOUND,FOUND,FOUND,yes,
L147,dm-signal,"IF build_signal_cache_value()はmomentum_data.weightsが存在する全パイプラインFoFで{""holding_signal"": str; ""weights"": dict}を返す時 THEN bui",FOUND,FOUND,FOUND,yes,
L146,dm-signal,本件は latest_close_date=2026-03-02 で 3/2引けと同値だった。先に最新日を確定しておくと、軸が実質重複かどうかを早期判定できる。,FOUND,FOUND,FOUND,no,
L145,dm-signal,Ave-X/裏Ave-Xなどで holding_signal(UUID列)はA/B同一でも、構成PF側の変化で展開tickerウェイトは大きく変化した。FoFの影響算定は展開後ticker×weightで比較する。,FOUND,FOUND,MISSING,yes,
L144,dm-signal,Vercel構造(索引→詳細)のcontext/*.mdで参照するdocs/research/ファイル16件が消失。CLAUDE.md禁則(リンク先なき圧縮=禁止)の実効性が不足。定期的な参照先存在チェックgate導入が必要。cmd_492,FOUND,FOUND,FOUND,no,
L143,dm-signal,IF docs/research/配下ファイル16件の消失は、DM-signalリポジトリ側のgit操作時 THEN docs/research/配下ファイル16件の消失は、DM-signalリポジトリ側のgit操作 docs/resear,FOUND,FOUND,FOUND,no,
L142,dm-signal,IF GSはDB直読へ移行済みでもCSV成果物は継続利用されるため、文書に『CSV禁止』だけ書くと誤誘導、逆に『CSV入力』だけ残すと旧実装回帰になる時 THEN GSはDB直読へ移行済みでもCSV成果物は継続利用されるため、文書に『CSV,MISSING,FOUND,FOUND,no,
L141,dm-signal,今回、主要runbookで実在しないスクリプト参照が複数残存。docs内パスを抽出して存在確認するlint（missing-path gate）を導入すべき。,FOUND,FOUND,FOUND,no,
L140,dm-signal,IF block_registryのshared.py一元化(2026-01-05)後、troubleshooting.mdの時 THEN block_registryのshared.py一元化(2026-01-05)後、troublesh,FOUND,FOUND,FOUND,no,
L139,dm-signal,recon;dependency;python;static-analysis,FOUND,FOUND,FOUND,no,
L138,dm-signal,IF check_timing_history.py --details でL2 substeps(trade_perf)実測を先に確保し、その後 trade_performance.py/return_calculator.py を突合す,FOUND,FOUND,FOUND,no,
L137,dm-signal,IF timing.pyのsubstep実装だけ見ると誤認しやすい時 THEN timing.pyのsubstep実装だけ見ると誤認しやすい timing.pyのsubstep実装だけ見ると誤認しやすい。FoFはrecalculate_fa,FOUND,FOUND,FOUND,yes,
L136,dm-signal,backend-deep-dive.mdで洗い出した改善候補(DBフラッシュ/FoF一括読込)は過去のOPT-A/087最適化で既に実装済みだった。改善候補の実現可能性調査前にrecalculate_phasesの最適化履歴と照合することで,FOUND,FOUND,MISSING,yes,
L135,dm-signal,IF L010を実装・検証する時 THEN deprecated deprecated,FOUND,FOUND,FOUND,no,
L134,dm-signal,IF L025を実装・検証する時 THEN deprecated deprecated,FOUND,FOUND,FOUND,no,
L133,dm-signal,IF flowchart や非ASCIIラベル直書きは環境によってコードブロック表示にフォールバックする場合がある時 THEN `flowchart` や非ASCIIラベル直書きは環境によってコードブロック表示にフォールバックする場合がある,FOUND,FOUND,FOUND,no,
L132,dm-signal,noteのMarkdown/図表制限は古い二次情報と齟齬が起きやすい。テンプレート更新時は公式ヘルプ記事の最終更新日を確認し、断定は「公式記載」と「推論」を分けて記述する。,FOUND,FOUND,FOUND,no,
L130,dm-signal,git;commit;staging;verification,FOUND,FOUND,FOUND,no,
L129,dm-signal,reviewed:falseのまま作業完了した忍者: hayate **家老査読**: 確認。hayateがrelated_lessonsのreviewed:falseを放置したまま作業完了。今回は家老が事後修正。,MISSING,MISSING,FOUND,no,
L128,dm-signal,IF 抜き身3の作成でステップ2〜4を省略した結果、GS(4体)と本番FoF(11体)の構成四神が不一致になった時 THEN 抜き身3の作成で**ステップ2〜4を省略**した結果、GS(4体)と本番FoF(11体)の構成四神が不一致になった,MISSING,FOUND,FOUND,yes,
L127,dm-signal,GS結果を利用する際は `DATA_CATALOG.md` と `meta.yaml` を必ず参照する（2026-02-14）,FOUND,FOUND,MISSING,no,
L126,dm-signal,セッション開始時に `todo.md` / `lessons.md` を必ず読む（2026-02-14）,FOUND,FOUND,FOUND,no,
L125,dm-signal,IF check_hide_portfolio()はTier設定を先にチェックし、PFエントリ存在時はGlobal設定にフォールバックしない時 THEN check_hide_portfolio()はTier設定を先にチェックし、PFエント,MISSING,FOUND,MISSING,yes,
L124,dm-signal,IF SQLAlchemy JSON型カラムのDB値が文字列として格納される場合がある（マイグレーション不整合等）時 THEN SQLAlchemy JSON型カラムのDB値が文字列として格納される場合がある（マイグレーション不整合等） S,FOUND,FOUND,FOUND,no,
L123,dm-signal,matplotlib;WSL2;japanese-font,FOUND,FOUND,FOUND,no,
L122,dm-signal,movePortfolioToFolder(POST)成功後、getSignalsLight(GET/TTL=3600s)が古いfolder_idを返し続けた。write操作後は関連GETキャッシュの明示的無効化が必要。api-cache.,FOUND,FOUND,FOUND,yes,
L121,dm-signal,cmd_283でタスクYAML記載のAPI仕様(PUT /folders/{id})とbackend実装(PATCH /api/admin/folders/{id})が乖離。一括移動APIも不在で単体APIを順次呼び出しで代替。タスク設計時,FOUND,FOUND,FOUND,no,
L120,dm-signal,IF saizo(cmd_282;subtask_282_recon_b)時 THEN saizo(cmd_282;subtask_282_recon_b) saizo(cmd_282;subtask_282_recon_b),MISSING,MISSING,FOUND,no,
L119,dm-signal,hayate(cmd_282;subtask_282_integ),FOUND,FOUND,FOUND,yes,
L118,dm-signal,IF hayate(cmd_282;subtask_282_integ)時 THEN hayate(cmd_282;subtask_282_integ) hayate(cmd_282;subtask_282_integ),FOUND,FOUND,FOUND,no,
L117,dm-signal,saizo(cmd_277;subtask_277_nukimi),FOUND,FOUND,FOUND,no,
L116,dm-signal,PF間のローリング相関/リード・ラグ/同時崩壊カウントを20特徴量追加しても改善なし。single_pf(0.111)≈single_pf+crossPF(0.114)≈MTL(0.114)。C3-H(佐助53.3%)と合わせ、月次粒度では,FOUND,FOUND,FOUND,no,
L115,dm-signal,IF Ridge/Lasso/ElasticNet/SVRで月次超過リターンを回帰予測し閾値判定で分類に変換時 THEN Ridge/Lasso/ElasticNet/SVRで月次超過リターンを回帰予測し閾値判定で分類に変換 Ridge/L,MISSING,FOUND,FOUND,no,
L114,dm-signal,IF C1-3由来8モデルでメタ学習(LogReg/Ridge)を実施したが、best base(c2_logreg22; 59.7%)を超えられず(meta最大57.1%)時 THEN C1-3由来8モデルでメタ学習(LogReg/Rid,MISSING,MISSING,MISSING,no,
L113,dm-signal,IF C2-Bの22特徴量で予測対象を4種に変更時 THEN C2-Bの22特徴量で予測対象を4種に変更 C2-Bの22特徴量で予測対象を4種に変更。Drawdown(月内DD>10%)でprec=88.9%だがbase_rate=55.7,FOUND,FOUND,FOUND,no,
L112,dm-signal,"cmd274_c3_generalization.py で parse_signal_tickers() を追加し、'{""TECL"":1.0}' 形式を json.loads で解析してティッカーキーを抽出。未対応時は proxy dail",FOUND,FOUND,FOUND,yes,
L111,dm-signal,IF 7アプローチ(AND/MAJORITY/CUSUM/Sharpe/VolWeighted/Idiosyncratic/LogisticCV)全て80%未達時 THEN 7アプローチ(AND/MAJORITY/CUSUM/Sharpe/,FOUND,FOUND,FOUND,no,
L110,dm-signal,IF 22特徴量(週次αスロープ/歪度/尖度/DD/ボラクラスタ/KS乖離)でDM3高確信度のみ65.5%時 THEN 22特徴量(週次αスロープ/歪度/尖度/DD/ボラクラスタ/KS乖離)でDM3高確信度のみ65.5% 22特徴量(週次α,FOUND,FOUND,FOUND,no,
L109,dm-signal,スクリプト実行中の忍者をidleと誤判定しclear_commandを送った事例(cmd_274半蔵)。対策: (1)task YAMLにtimeout_minutes明記 (2)忍者はbash timeout or signal.alar,MISSING,FOUND,FOUND,no,
L108,dm-signal,エッジ残存率の急落(MoM大幅低下/0%クロス)は将来リターン低下の予測器としてprecision 18-34%、recall 4-20%。イベント後の平均超過リターンは正(平均回帰傾向)。崩壊検知より一時的ノイズフィルタとしての活用が適切,FOUND,FOUND,MISSING,no,
L107,dm-signal,meta.yamlの価値判断はDATA_CATALOG掲載+output.file実在+命名(backup/pre/old)の三点セットで分類すると誤判定が減る,FOUND,FOUND,FOUND,no,
L106,dm-signal,subtask_263_aの佐助偵察報告がcmd_264配備時にdeploy_task.shの空テンプレートで上書き消失(L103と同一メカニズム)。半蔵はGS CSVから直接データ抽出で回避成功。根本対策: deploy_task.sh実,FOUND,FOUND,FOUND,no,
L105,dm-signal,Pydantic制約がPortfolio層(top_n le=2等)に偏在し、BB config(Dict[str;Any])が型検証なし。GSで制約外パラメータのチャンピオンが選出される。制約注入はbuild_grid直後(P1)が最適。,FOUND,FOUND,FOUND,yes,
L104,dm-signal,前タスク(.gitignore追加)の成果物が後タスク(7コミット)のgit addをブロック。outputs/charts/*.pngとoutputs/grid_search/*.meta.yamlパターンが新規コミット対象ファイルを除外,FOUND,FOUND,FOUND,no,
L103,dm-signal,cmd_253統合タスクで4忍者報告のうち3件(佐助/霧丸/影丸)が後続cmd(254/255)deploy_task.shの空テンプレート上書きで消失。archive_completed.shは報告をアーカイブしないためL024の実害。疾,FOUND,FOUND,FOUND,no,
L102,dm-signal,SKIP_MONTHS_LIST=[0;1;2;3]はクラス変数として定義されており、pipeline_configのconfig辞書からは変更できない。パラメータ化するにはコード変更が必要。GS設計時は固定4視点前提で進めるのが安全。,FOUND,FOUND,FOUND,yes,
L101,dm-signal,recalculate_fast.py Phase3(OPT-A)ではMultiView/SingleView/TrendReversalはFoF専用としてmomentum_cache事前計算を行わない(L1013)。Phase5 FoF再,FOUND,FOUND,FOUND,yes,
L100,dm-signal,IF MultiViewはSKIP_MONTHS_LIST=[0;1;2;3]固定のため、base_period_months≤3だとeffective_months≤0になる時 THEN MultiViewはSKIP_MONTHS_LIS,FOUND,FOUND,FOUND,no,
L099,dm-signal,PostgreSQL portfolios は pipeline_config独立列を持たずconfig JSON内に保持。LIKE '%ReversalFilter%' は TrendReversalFilter を誤検知する。jsonb,FOUND,FOUND,FOUND,yes,
L098,dm-signal,IF SVMF fallbackパスはprice_data_cache全期間データに対してtarget_date未フィルタリング時 THEN SVMF fallbackパスはprice_data_cache全期間データに対してtarget_,FOUND,FOUND,FOUND,yes,
L097,dm-signal,L124-131の行数ベース判定(len<base*5)は月次データ168-192行を日次と誤判定する。同一ファイルL144に既存のis_monthly_data()(インターバルベース判定)をskip計算前に呼び出すことでバグ解消。cmd,FOUND,FOUND,FOUND,no,
L096,dm-signal,IF SVMF(L125)/MVMF(L145)のskip処理がlen(df)<base*5で月次/日次を判定していたが、同一ファイル(base.py)にインターバルベースのis_monthly_data()が存在時 THEN SVMF(L,FOUND,FOUND,FOUND,no,
L095,dm-signal,IF cmd_222でget_kasoku_contextにcumulative_return計算パスを追加したが、main()でload_cumulative_returns_from_dbを呼ばず、simulate_patternへのパ,FOUND,FOUND,MISSING,no,
L094,dm-signal,本番MonthlyReturnMomentumFilterBlock._cumretはprod(1+monthly_return)-1、GS側cumulative_return.pct_change()は数学的等価だがfloat64精度(~,FOUND,FOUND,FOUND,yes,
L093,dm-signal,single_view_momentum_filter.py L125-131: days_in_data < base_period_months*5 ヒューリスティックが月次データ(15行以上)を日次と誤判定。skip_rows=ski,FOUND,FOUND,FOUND,no,
L092,dm-signal,IF float64精度同値タイ時にdesc/ascソートで同コンポーネントがtop/worst両方に入る問題時 THEN float64精度同値タイ時にdesc/ascソートで同コンポーネントがtop/worst両方に入る問題 float,FOUND,FOUND,FOUND,no,
L091,dm-signal,IF GS側のモメンタム計算にprod(1+monthly_return)を使うと、同一monthly_returnを持つコンポーネント間で完全タイが発生する時 THEN GS側のモメンタム計算にprod(1+monthly_return),FOUND,FOUND,FOUND,no,
L090,dm-signal,kawarimi N4_0500(10D/sel_n=2)で3月FAIL(max255bp)。GS: monthly_return dropna→reindex→NaN復活→momentum NaN→コンポーネント除外(3体)。本番: cu,FOUND,FOUND,FOUND,yes,
L089,dm-signal,IF GS内部の初期化処理ロジックが全4スクリプトで同一でも、データソース(CSV vs DB)が異なればパリティは保証されない時 THEN GS内部の初期化処理ロジックが全4スクリプトで同一でも、データソース(CSV vs DB)が異なれ,FOUND,FOUND,MISSING,yes,
L088,dm-signal,L1 FoF検証(cmd_205)はcomponent平均突合が中心。tie境界ケースを明示的に切り出していない。L1構造的にtie問題は不発(10/12 EW、2体はcutoff_score全包含)だが、PASS=網羅の証明ではない点に注,FOUND,FOUND,FOUND,no,
L087,dm-signal,IF 本番は504日分の日次データが揃うまでCash(≈0%リターン)時 THEN 本番は504日分の日次データが揃うまでCash(≈0%リターン) 本番は504日分の日次データが揃うまでCash(≈0%リターン)。GSは月次蓄積方式で先に,FOUND,FOUND,FOUND,yes,
L086,dm-signal,GS側top_n選出は本番MonthlyReturnMomentumFilterBlockのcutoff_score全包含方式に統一する。同スコア銘柄は全て選出し均等配分。strict top_nでは短lookback(1M/6M等)でti,FOUND,FOUND,FOUND,no,
L085,dm-signal,signals/monthly_returns/rolling_returns_chart/trade_performanceの4つだけでは不足。drawdown_periods/portfolio_metrics等16テーブル全てをFK依,FOUND,FOUND,FOUND,yes,
L084,dm-signal,IF is_running=Noneは状態不明であり完了(False)と誤判定してはならない時 THEN is_running=Noneは状態不明であり完了(False)と誤判定してはならない is_running=Noneは状態不明であり,FOUND,FOUND,FOUND,yes,
L083,dm-signal,IF dual DB読込でclose_fallback='open'を指定しても、補完されるのはclose系列が完全に空の場合のみ時 THEN dual DB読込でclose_fallback='open'を指定しても、補完されるのはclo,FOUND,FOUND,FOUND,yes,
L082,dm-signal,monthly_returns.portfolio_idはvarchar型、portfolios.idはuuid型。SQLでJOIN/IN比較する際にid::textキャストが必要。型を揃えないとPostgreSQLでoperator do,FOUND,FOUND,FOUND,yes,
L081,dm-signal,本番DBのmonthly_returnsは再計算(recalculate-sync)のPhase0でDELETEされるため、タイミングによっては0行になる。DB直接読込テスト時はデータ存在確認を先に行うべき。疾風cmd_214c発見,FOUND,FOUND,FOUND,yes,
L080,dm-signal,IF 飛猿発見: save APIがsuccess=Falseを返してもDB側には書き込み完了している場合がある時 THEN 飛猿発見: save APIがsuccess=Falseを返してもDB側には書き込み完了している場合がある 飛猿発,FOUND,FOUND,FOUND,yes,
L079,dm-signal,sync-fof APIは前回のsync-fofがまだ実行中だと409を返す。バッチ処理では各PF間にリトライ+30秒待機が必要。Renderサーバーコールドスタート時は最初の数回がタイムアウトする(free tier)。ウォームアップGE,FOUND,FOUND,FOUND,yes,
L078,dm-signal,IF benchmark_ticker=空文字等のバリデーションエラーが1つでもあるとPortfolioRepository.load()がNoneを返しrecalculate_history_fastが全停止する時 THEN benchm,FOUND,FOUND,FOUND,yes,
L077,dm-signal,nukimiパリティ検証でGS CSV(mode月次リターン)がDB monthly_return_openと90%一致を確認。ProductionのComponentPriceCacheはcumulative_return(close-b,FOUND,FOUND,FOUND,yes,
L076,dm-signal,threading.Lockやmodule状態による排他はmulti-process配備で競合を防げない。recalculation_timingsのような監視系テーブルはUPSERT実装を標準化すべき。,FOUND,FOUND,FOUND,no,
L075,dm-signal,IF sync-standardは既存PFの差分更新のみ時 THEN sync-standardは既存PFの差分更新のみ sync-standardは既存PFの差分更新のみ。新規登録PFの月次リターン生成にはrecalculate-sync,FOUND,FOUND,FOUND,no,
L074,dm-signal,L071(quarterly_jan)と同様、quarterly_marも初期化Cash月が複数月発生する。現skipロジックは最初の1Cash月しかスキップしない。init_phase_doneフラグ方式でquarterly_mar/ja,FOUND,FOUND,MISSING,yes,
L073,dm-signal,IF FoFのEqualWeight計算はコンポーネントの初期化月(Cash)も含めて平均する時 THEN FoFのEqualWeight計算はコンポーネントの初期化月(Cash)も含めて平均する FoFのEqualWeight計算はコンポ,FOUND,FOUND,FOUND,yes,
L072,dm-signal,simulate_strategy_vectorizedの3パス(PipelineEngine/matrix/dict)はそれぞれ異なるNaN処理ロジックを持つ。開始日フィルタをPhase 1の各パス内に入れるとメンテナンスコストが増える。,FOUND,FOUND,FOUND,yes,
L071,dm-signal,IF quarterly_jan等の低頻度リバランスPFは初期化Cash月が1ヶ月ではなく複数月発生する(DM6-5: 3ヶ月Cash)時 THEN quarterly_jan等の低頻度リバランスPFは初期化Cash月が1ヶ月ではなく複数月,FOUND,FOUND,MISSING,no,
L070,dm-signal,IF PipelineEngineのMomentumFilterBlockはティッカー単位でNaNスキップ(部分的成功)時 THEN PipelineEngineのMomentumFilterBlockはティッカー単位でNaNスキップ(部分,FOUND,FOUND,FOUND,no,
L069,dm-signal,3ブロック構造(MomentumFilter/AbsoluteMomentumFilter/SafeHavenSwitch+EqualWeight)はDM全ファミリー共通。candidate毎にpipeline_configを構築する必要が,FOUND,FOUND,FOUND,yes,
L068,dm-signal,IF simulate_strategy_vectorizedにpipeline_config+db_sessionを渡すとPipelineEngineがPhase1(信号計算)を担当する時 THEN simulate_strategy_v,FOUND,FOUND,FOUND,yes,
L067,dm-signal,IF 殿の個人PF(35体)を実施する時 THEN 殿直伝の絶対ルール 殿直伝の絶対ルール。DB操作(DELETE/UPDATE)タスクでは殿の個人PF(DM2;DM3;DM4;DM5;DM6;DM7+;DM-safe等21Standard,FOUND,FOUND,FOUND,yes,
L066,dm-signal,将軍が揺れた論点(殿が決定した事項)は必ず3箇所に恒久化する: (1)MCP Memory(将軍教訓として) (2)projects/*.yaml(PJ核心知識として) (3)lessons.yaml(教訓として)。cmd_196で本番コー,FOUND,FOUND,FOUND,no,
L065,dm-signal,IF MomentumCache≡PipelineEngineでも本番がPipelineならGSもPipeline使用時 THEN MomentumCache≡PipelineEngineでも本番がPipelineならGSもPipeline,FOUND,FOUND,FOUND,yes,
L064,dm-signal,Render HTTP API経由はDNS障害等の障害点を増やす不要な中間層。download_prod_data.py monthly-returnsがNameResolutionErrorで失敗した事件が根拠。backend/.envの,FOUND,FOUND,FOUND,yes,
L063,dm-signal,subtask_194aでRender API DNS障害時、92PF中大多数がNameResolutionErrorだったにもかかわらずexit 0で正常終了した。件数確認(16件中3件のみ成功)で初めて失敗に気づいた。月次リターン同期後,FOUND,FOUND,FOUND,yes,
L062,dm-signal,IF GS側MonthlyProductMomentumCache(product(1+r)-1)と本番側calculate_momentum_for_monthly_data(pct_change(N))は数学的に同一出力時 THEN G,FOUND,FOUND,FOUND,no,
L061,dm-signal,verify_all_portfolios.py L76: Skip FoF; L202: WHERE type=standard。L0 Standard PFの100%パリティはFoFには適用されない。L1四神12体のパリティ検証は別途必,FOUND,FOUND,FOUND,yes,
L060,dm-signal,IF cmd_175で登録した15体のうち9体がnon-monthly最適化時 THEN cmd_175で登録した15体のうち9体がnon-monthly最適化 cmd_175で登録した15体のうち9体がnon-monthly最適化。月次制,FOUND,FOUND,FOUND,no,
L059,dm-signal,IF 上流でCSV生成を修正しても、下流検証(cmd180)が旧cmd番号ファイルを参照すると改善が見えず偽失敗になる時 THEN 上流でCSV生成を修正しても、下流検証(cmd180)が旧cmd番号ファイルを参照すると改善が見えず偽失敗に,MISSING,MISSING,MISSING,no,
L058,dm-signal,subset探索型GSスクリプト(kawarimi;oikaze等)はsubset毎にalign_months結果が異なる。monthly CSV出力にはグローバル共通月のget_sim_context common_months引数注入が,FOUND,FOUND,FOUND,no,
L057,dm-signal,IF 変わり身(kawarimi)は168バッチにresults CSVのみで月次リターンCSVが未生成時 THEN 変わり身(kawarimi)は168バッチにresults CSVのみで月次リターンCSVが未生成 変わり身(kawari,FOUND,FOUND,FOUND,no,
L056,dm-signal,76万列のwide CSV(kasoku等)をpd.read_csv()で全列読込するとOOM(13GB)。usecols制限が有効だが列名がパターンIDのため事前にf.readline()でヘッダー先読みが必要。pandas経由heade,FOUND,FOUND,FOUND,no,
L055,dm-signal,IF kasoku diff方式×短期lookback(5M-10M)はCAGR 85-87%だがMaxDD -29~47%時 THEN kasoku diff方式×短期lookback(5M-10M)はCAGR 85-87%だがMaxDD,FOUND,FOUND,FOUND,no,
L054,dm-signal,IF nukimiとnukimi_cは戦略計算ロジック完全同一時 THEN nukimiとnukimi_cは戦略計算ロジック完全同一 nukimiとnukimi_cは戦略計算ロジック完全同一。差分はPARAM_GRID_TOPN(T1-T3,FOUND,FOUND,FOUND,no,
L053,dm-signal,IF oikazeはsubset別align_monthsのままだとfast側月次配列長が混在しCSV組立で失敗する時 THEN oikazeはsubset別align_monthsのままだとfast側月次配列長が混在しCSV組立で失敗する,FOUND,FOUND,FOUND,no,
L052,dm-signal,PeriodIndexの反復参照(period in+get_loc)が前処理ボトルネック。index.get_indexer(months)を先計算し同一ロジックのまま0.110→0.089s(19.1%短縮)。md5完全一致維持。mul,FOUND,FOUND,FOUND,no,
L051,dm-signal,単体0.049sのGSでmultiprocessing workers=2/4/8を検証。全て単体より遅い(0.134/0.103/0.148s)。プロセス生成オーバーヘッド(~50ms)が計算時間を支配。0.1秒未満の忍法ではmultip,FOUND,FOUND,MISSING,no,
L050,dm-signal,kasokuでもcutoff_score閾値選出はpicks化に適合。C12/500patでmd5一致を保ちR2記録(0.272s)を53%短縮。picks系が有効な忍法: kawarimi;nukimi;nukimi_c;kasoku(4,FOUND,FOUND,FOUND,no,
L049,dm-signal,bunshin(均等配分)は選出ロジックを持たないため、他忍法R3で効いた純Pythonインナーループは0.029sで悪化した(baseline 0.025s)。代わりにsubset_size=2/3/4固定の性質を利用し、NaN→0埋めf,FOUND,FOUND,FOUND,no,
L048,dm-signal,N2/N3/N4混在グリッドではsubsetサイズ<top_nが起きる。precomputed picksのキーをtop_n_eff=min(top_n;subset_size)で統一しないとkeyError/md5不一致。nukimi R,FOUND,FOUND,FOUND,no,
L047,dm-signal,NumPyベクトル化済みコードの次段階はNumPy呼び出し排除。小サブセット2-4要素ではnumpy関数オーバーヘッド1-5μs/callが実計算コスト10nsを支配する。lexsort結果をperiod_idx;select_nごとに事前,FOUND,FOUND,FOUND,no,
L046,dm-signal,kasoku高速化: cutoff_scoreによる閾値全選出方式はfast/seqで自然に一致(kawarimi L043の和集合問題なし)。ratioメソッドのゼロ除算保護(|mom_long|<1e-6→±1e-6)もfast/seq,FOUND,FOUND,FOUND,no,
L045,dm-signal,IF nukimi_c高速化: nukimiとnukimi_cの計算ロジックは完全同一時 THEN nukimi_c高速化: nukimiとnukimi_cの計算ロジックは完全同一 nukimi_c高速化: nukimiとnukimi_cの,FOUND,FOUND,MISSING,no,
L044,dm-signal,IF nukimi高速化: skip_months処理はnukimi固有時 THEN nukimi高速化: skip_months処理はnukimi固有 nukimi高速化: skip_months処理はnukimi固有。_calc_mom,FOUND,FOUND,FOUND,no,
L043,dm-signal,kawarimi高速化: top_n+bottom_n和集合選出では、bottom側のtie-breakもfast/seqで明示的に揃える必要がある(fast: np.lexsort asc / seq: sorted asc + inde,FOUND,FOUND,FOUND,no,
L042,dm-signal,mode CSVs移行時、newhigh(wide)とmaxdd(long)の形式混在に注意。gs_csv_loaderのcomponent_specで個別にformat/filter_col/filter_valを指定すればload_mo,FOUND,FOUND,FOUND,no,
L041,dm-signal,IF bunshin GS(781通り)をNumPyベクトル化+前処理キャッシュ化で高速化時 THEN bunshin GS(781通り)をNumPyベクトル化+前処理キャッシュ化で高速化 bunshin GS(781通り)をNumPyベク,FOUND,FOUND,MISSING,no,
L040,dm-signal,IF 064_champion CSVは単一系列のため、load_monthly_returns_dual_from_csvのclose_fallback=openで同一データを使用時 THEN 064_champion CSVは単一系列の,FOUND,FOUND,MISSING,yes,
L039,dm-signal,IF 064_champion CSVはcmd_064時点の旧チャンピオンで期間は2014-03から2026-01の143ヶ月時 THEN 064_champion CSVはcmd_064時点の旧チャンピオンで期間は2014-03から202,FOUND,FOUND,MISSING,no,
L038,dm-signal,IF sync_lessons.shを実施する時 THEN cmd_137 cmd_137,MISSING,MISSING,MISSING,no,
L037,dm-signal,IF Portfolio(type=standard)はschema上pipeline_config optionalのため、登録スクリプトで未付与でも保存されうる時 THEN Portfolio(type=standard)はschema,FOUND,FOUND,FOUND,yes,
L036,dm-signal,IF POST /admin/recalculate-syncにstart_dateを指定しても実際はstart_date=2000-01-01で全期間実行される時 THEN POST /admin/recalculate-syncにsta,FOUND,FOUND,FOUND,no,
L035,dm-signal,L0 PFがFoFコンポーネントとして参照されている場合、DELETE APIは400を返す。UPDATE方式(既存PFにpipeline_config付与+/api/portfolios/saveで一括保存)でUUID維持しつつ設定変更が,FOUND,FOUND,FOUND,yes,
L034,dm-signal,タスクYAML(queue/tasks/)・inbox(queue/inbox/)・報告YAML(queue/reports/)等を書く前に必ず対象ファイルをReadせよ。Writeの前にReadがないと'File has not been,FOUND,FOUND,FOUND,no,
L033,dm-signal,cmd_123 Phase B: register_shijin_portfolios.pyでrisk_free_assetが空文字列でAPI登録された。DTB3が欠落。FAMILY_CONFIGSにrisk_free_assetを追加して,FOUND,FOUND,FOUND,yes,
L032,dm-signal,D-1最適化で `dates_raw = [(s.date;) for s in pf_signals]` とtupleのリストに変更。しかし後続コード L95 で `min_date = dates_raw[0].date` と属性アクセ,FOUND,FOUND,MISSING,yes,
L031,dm-signal,FoF パリティ検証で EqualWeight FoF 7個を検証 → 初月以外100%一致。しかしこれは `mean(component returns)` = 本番FoFの算術正当性を確認しただけで、GS engine vs 本番のパリ,FOUND,FOUND,FOUND,yes,
L030,dm-signal,Issue #171（SafeHavenSwitch修正）後、`signal_calc`が9s→439s（27倍）に膨張。フル再計算が24分超に **根本原因**: `pipeline_engine.execute_pipeline()` ,FOUND,FOUND,FOUND,yes,
L029,dm-signal,本番DBに登録されたFoFが「いつのGSに基づくか」「データ最終月はいつか」が不明。ローカルの `.meta.yaml` にしか情報がなく、本番DBから逆引きできなかった **解決策**: `pipeline_config` 内に `gs_,FOUND,FOUND,FOUND,yes,
L028,dm-signal,以下の決定を**ユーザー確認なし**で独自に実施した。結果的に正しかったが、プロセスとして問題。 **状況**: 本番 `C抜き身` が C11_CCNh (11体) を使用していることを発見。GS スクリプトは CS4 (4体) だった,MISSING,FOUND,FOUND,no,
L027,dm-signal,IF C抜き身のCANDIDATE_SET不一致 — CS4 [歴史的記述](4体)→C11_CCNh(11体)を実装・検証する時 THEN **修正内容**: 本番 `C抜き身` は **C11_CCNh 11体** を構成PFとして使用,FOUND,FOUND,FOUND,no,
L026,dm-signal,FoFのcomponent_portfoliosを取得するため `/api/admin/fof-portfolios` を呼んだら `404 Not Found`。次に `/api/portfolios/{id}` を試したが pipeli,FOUND,FOUND,FOUND,yes,
L025,dm-signal,`scripts/download_all_prices.py` を実行しようとして `No such file` エラー。正しくは `scripts/analysis/data_sync/download_all_prices.py` *,FOUND,FOUND,FOUND,no,
L024,dm-signal,案B（PipelineEngine統合）実装後、5PFが不一致。PipelineEngineのシグナル自体は本番と完全一致しているのに、月次リターンが不一致 -pipeline_signal_results[cal_month_end] =,FOUND,FOUND,MISSING,yes,
L023,dm-signal,案B実装後、`verify_all_portfolios.py` の実行時間が4分超に膨張 **対策（実装済み）**: `_calculate_economic_indicator_momentum` に `context.price_da,FOUND,FOUND,FOUND,yes,
L022,dm-signal,案B（PipelineEngine統合）実装後、`verify_all_portfolios.py` が全PF「OK」と報告。しかし実際はPipelineEngineの全月が失敗し、比較対象が0件だった 1. GS側で `backend` ,FOUND,FOUND,FOUND,yes,
L021,dm-signal,Ud四神のmonthly returnパリティ検証のため `verify_ud_shijin_parity.py` を新規作成したが、**既存の `verify_all_portfolios.py` が全Standard PFのパリティ検証,FOUND,FOUND,FOUND,no,
L020,dm-signal,パリティ検証でシグナル不一致54件、リターンは一致 → 本番データ不整合かと誤診 **根本原因**: DB Signal テーブルに **2つの異なるフィールド** が存在:,FOUND,FOUND,FOUND,yes,
L019,dm-signal,IF 従来: acceleration_results[:top_n] — ソート安定性に依存（非決定的）時 THEN **従来**: `acceleration_results[:top_n]` — ソート安定性に依存（非決定的） 同スコ,FOUND,FOUND,FOUND,no,
L018,dm-signal,**ルール**: `trade-rule.md` RULE10「モメンタム計算は常にClose、リターン計算はOpen/Close選択」 **本番の実装**:,FOUND,FOUND,FOUND,no,
L017,dm-signal,IF 計算方式の違いで100%パリティは「構造的に不可能」としていた時 THEN **当初の誤結論**: 計算方式の違いで100%パリティは「構造的に不可能」としていた パリティ検証でReturn一致率 146/166 (88%)、20件不,FOUND,FOUND,FOUND,no,
L016,dm-signal,パリティ検証でシグナル一致率が60%しかないのにリターン一致率が高い **調査結果**: `MonthlyTradeCalculator._build_entries()` のコード確認で判明:,FOUND,FOUND,FOUND,yes,
L015,dm-signal,`urllib.request` で本番APIを呼んだら応答がハングし、タイムアウト import requests,MISSING,FOUND,FOUND,yes,
L014,dm-signal,パリティ検証スクリプトで experiments.db のUUIDを本番APIのholding_signalと比較したら全不一致,FOUND,FOUND,FOUND,yes,
L013,dm-signal,IF 原因2: align_months() が全PFの交差集合（最短PFの開始月）に切り詰め → 先頭14ヶ月はlookback不足で None → n_months から除外時 THEN **原因2**: `align_months(),FOUND,FOUND,FOUND,no,
L012,dm-signal,GS の `n_months=152` vs 本番 `period=168` — 16ヶ月の差 **原因1**: `align_months(drop_latest=True)` が experiments.db（確定済み月次リターンのみ格,FOUND,FOUND,FOUND,yes,
L011,dm-signal,IF open(path; encoding='utf-8') を常に明示する時 THEN **回避策**: `open(path; encoding='utf-8')` を常に明示する `yaml.safe_load(open('file,FOUND,FOUND,FOUND,no,
L010,dm-signal,IF download_prod_data.py 実行時は PYTHONPATH 設定が必要 THEN **回避策**: `python scripts/analysis/data_sync/download_prod_data.py mo,FOUND,FOUND,FOUND,no,
L009,dm-signal,"IF sync-fof API を実施する時 THEN **正しい呼び方**: 加速-C 登録後に `Invoke-RestMethod` で sync-fof を呼んだが ""Not Found"" エラー",FOUND,FOUND,FOUND,yes,
L008,dm-signal,GS構成四神 [歴史的記述]と本番FoF構成PFの不一致（2026-02-14）,MISSING,FOUND,MISSING,yes,
L007,dm-signal,新FoF追加後の再計算は `sync-fof`（L3）を使う（2026-02-14）,FOUND,FOUND,FOUND,no,
L006,dm-signal,IF Python requests ライブラリで本番 Render API を呼ぶと、接続がハングして一切レスポンスが返らなかった時 THEN **発生**: Python `requests` ライブラリで本番 Render API を,FOUND,FOUND,FOUND,yes,
L005,dm-signal,FoFパリティ比較は本番の現行パラメータを先に確認する（2026-02-14）,FOUND,FOUND,MISSING,yes,
L004,dm-signal,IF nukimi GS パリティ検証で DM7+ の月次リターンが本番と 2ヶ月乖離（2020-08; 2024-02: diff=40%; 17%）時 THEN **発生**: nukimi GS パリティ検証で DM7+ の月次リター,FOUND,FOUND,FOUND,yes,
L003,dm-signal,PowerShell の -replace / Set-Content で日本語UTF-8ファイルが文字化けする（2026-02-14）,MISSING,FOUND,FOUND,no,
L002,dm-signal,ブロック名は BlockType enum 値で統一する（2026-02-14）,MISSING,FOUND,MISSING,no,
L001,dm-signal,pipeline_config テンプレートのパラメータ名はコードと1:1一致必須（2026-02-14）,FOUND,FOUND,FOUND,yes,
L246,infra,関数がデフォルト値をechoしつつreturn 1する設計は、set -euo pipefailの呼び出し元でクラッシュする。デフォルト値を返すならreturn 0が正しい。,MISSING,MISSING,FOUND,no,
L245,infra,ホワイトリスト型gitignore環境でscripts/lib/に新規shファイル追加時、.gitignoreホワイトリスト追記漏れでCIのみ失敗する。ローカルではファイルが存在するため検出不可。,FOUND,MISSING,FOUND,no,
L244,infra,cmd_complete_gate.shのPython埋込でsys.exit(0)がbare except:に捕捉されていた。except Exception:に変更すべき。同パターンがスクリプト内の他のPython埋込にも存在する可能性あ,MISSING,MISSING,FOUND,no,
L243,infra,field_get.shの_field_get_log()がfield_deps.tsvに無条件追記し続け5.3MB/40K行に肥大。 ログ系ファイルを新設する際は、初期実装時にサイズ上限+ローテーションを組込む設計を標準とすべき。 rot,MISSING,MISSING,FOUND,no,
L242,infra,get_context_pct()とupdate_context_pct()がCTX%パース処理を重複実装。一方はecho返却、他方はtmux変数設定。IF 同一データの取得と保存が別関数にある THEN 取得関数+薄いラッパーに統一せよ,MISSING,MISSING,MISSING,no,
L241,infra,D001-D008防御hookのblock_destructive.shがsettings.local.json(ローカル専用)にのみ登録されている。settings.json(共有/git追跡)には含まれない。新環境セットアップ時にloc,MISSING,MISSING,FOUND,no,
L240,infra,"parse_skip_count()の汎用正規表現 r""(\d+)\s+(?:tests?\s+)?skips?\b"" は bats TAP出力 ""ok 293 skip and fail..."" のテスト番号+テスト名を",MISSING,MISSING,FOUND,no,
L239,infra,cmd_1031ではGrid dedup/PPE/parityのコード品質は全てINFORMATIONALだったが、impl_aが未commitのままHEADに載っておらずFAIL。レビューではコード品質とcommit整合性を分離して確認し,FOUND,MISSING,FOUND,no,
L238,infra,usage_status.shのキャッシュ破損は全CLI(Claude含む)の使用量表示を停止させる,FOUND,MISSING,FOUND,no,
L237,infra,Codex CLIの使用量はローカルSQLite(~/.codex/state_5.sqlite)のthreadsテーブルtokens_usedから取得せよ,FOUND,MISSING,FOUND,no,
L236,infra,DC起票前にpending_decisions.yamlの既存裁定を確認し、裁定済みの件を再質問するな,MISSING,MISSING,FOUND,no,
L235,infra,IF Android Gradle project を WSL2 の `/mnt/c/...` で回し、KSP が `build/generated/ksp/.../byRounds` の copy/update 中に `NoSuchFil,FOUND,MISSING,FOUND,no,
L234,infra,IF Android の local unit test (`testDebugUnitTest`) で `org.json.JSONObject.put(...)` を使う THEN 実行前に Android stub 制約を確認し、純 ,FOUND,MISSING,FOUND,no,
L233,infra,review/push task で `git diff --check` を repo 全体に対して要求すると、対象 commit が clean でも unrelated dirty worktree により恒常的に FAIL し得る。,FOUND,MISSING,FOUND,no,
L232,infra,bats tests/unit/（294件、--jobs 4）がpre-pushのtimeout 120秒を超過。テストスイート増加に伴いtimeout延長かテスト分割が必要。,MISSING,MISSING,FOUND,no,
L231,infra,ruffはlint成功時にAll checks passed!を標準出力する。出力の空判定(if [ -n ruff_out ])では偽陽性。修正: ruff check --quiet(成功時出力なし) or 終了コード判定。WSL2環境,MISSING,MISSING,FOUND,no,
L230,infra,lessons.extend()でplatform教訓を後方追加→dict comprehensionで同一IDの場合にplatform版が残る。ID重複227件のproject固有教訓が静かに消失。対策: キーをproject-prefi,FOUND,MISSING,FOUND,no,
L229,infra,cmd_969〜972でHarness Engineering記事の手法を取り込んだ際、Stop Hookで全batsテスト(299件)をフル実行するゲートを追加した。結果: (1)22分ハングで全エージェントが停止不能 (2)将軍・家老も,FOUND,MISSING,FOUND,no,
L228,infra,ast-grep rule を regex ベースで書く場合、kind を伴わない composite rule は `Rule must specify a set of AST kinds to match` で parse error,MISSING,MISSING,FOUND,no,
L227,infra,Write toolで作成した.shファイルがCRLF改行になり、bash実行時にset -euが失敗する。WSL2(/mnt/c/)でスクリプト作成後はsed -i 's/\r$//' で変換が必要。,FOUND,MISSING,FOUND,no,
L226,infra,ashigaru.md読込スキップ(コスト削減)で忍者は8行のアイデンティティブロック+1行role_reminderだけでペルソナ再構築が必要。対策: /clear Recoveryに核心5項目追加(+10行)+role_reminder,FOUND,MISSING,FOUND,no,
L225,infra,dm_signal_decisions名義にauto-ops/確定申告の裁定が混入していた(cmd_957)。正本突合を速く正確にするには内容種別だけでなく『このobsは当該entity/projectの知識か』を最初に切り分ける必要がある,FOUND,MISSING,FOUND,no,
L224,infra,53obsの突合でMCPに混在していた重複・旧版化項目の多くが本来context/instructionsに置くべき運用ルールだった。MCPは殿の好み/哲学を中心に残し、運用ルールは受動層に昇格させる三分法(好み/運用/裁定)で棚卸しすると,FOUND,MISSING,FOUND,no,
L223,infra,IF gate/スクリプトのエラー出力を設計する THEN 「次にやるべきこと」を含むAI行動指示形式にせよ。チェックリストは外部md分離(Read失敗→STOP)。長手順は短名原則にパック化(Named Invariants) BECAU,FOUND,MISSING,FOUND,no,
L222,infra,IF deploy_task.shが未設定/空文字/空リストを既定値へ補完する仕様を持つ THEN テストはmissing/Noneだけでなく空文字と空リストのsentinelも再現せよ BECAUSE 現行実装はnot in/Noneしか,MISSING,MISSING,FOUND,no,
L221,infra,~/.claude/skills/*/SKILL.mdがCRLFを含み、awkのregex ^---$ が ---\rにマッチしなかった。tr -d '\r'でCR除去してからパースする必要がある。,FOUND,MISSING,FOUND,no,
L220,infra,.githooks/pre-commit が queue/ stage を全面禁止する一方、context/lord-conversation-index.md は作業中に自動更新される。bulk commit task で git sta,FOUND,MISSING,FOUND,no,
L219,infra,cmd_887_B の分析対象に archive/completed_changelog.yaml とあったが、現行実体は queue/completed_changelog.yaml だった。履歴参照タスクは stale path のまま,FOUND,MISSING,FOUND,no,
L218,infra,L007教訓が再び的中。新規スクリプト(chronicle_metrics.sh)の実装者が.gitignoreホワイトリスト追加を忘れていた。レビュー担当がL007を把握していたため検出・修正できた。実装者・レビュー者双方がL007を確認,FOUND,MISSING,FOUND,no,
L217,infra,IF lesson_impact.tsvを injection/helpful集計に使う THEN result=PENDINGを除外しproject列で分離せよ BECAUSE 未完了サブタスクが注入回数だけ増え、誤退役とlessons.,FOUND,MISSING,FOUND,no,
L216,infra,IF gate_metricsテストを書く THEN tmuxモックを配置してライブ環境からの干渉を防げ BECAUSE resolve_agent_model_labelはtmux変数を優先し、settings.yamlのフォールバックが,MISSING,MISSING,FOUND,no,
L215,infra,gate_metricsテストがtmux環境依存,MISSING,MISSING,FOUND,no,
L214,infra,教訓IDをproject非考慮で集計すると注入回数・有効率・退役判定が別PJ間で相互污染する。cmd_874で検出:同一IDの20組が両PJで同一退役理由。file_missing判定もinfra root基準固定で外部PJパスを誤判定。自,FOUND,MISSING,FOUND,no,
L213,infra,cmd_873の4観点偵察統合結論。実装許可すると教訓サイクル・GATEシステム・report追跡の3重迂回が発生しF003の根拠が崩壊する。capability(tools/mode/isolation)で強制可能な制約とbehavior,FOUND,MISSING,FOUND,no,
L212,infra,IF: 外部知識を記録・引用する時 THEN: 一次データ層と解釈・適用層を分離せよ BECAUSE: 一次データの改変は捏造であり、知識の信頼性が失われる,MISSING,MISSING,FOUND,no,
L211,infra,A-G各忍者は自担当範囲の辞書を高品質に作れるが、エントリ間の重複・矛盾・gap検出は不可能。統合専任が全報告を横断的に読み完全知識マップを作成して初めて実装可能な形になる,MISSING,MISSING,FOUND,no,
L210,infra,IF 忍者の done 通知を `inbox_write.sh` の message type だけで信用して task=done に進める THEN `ninja_done.sh` を迂回した虚偽完了で report YAML 欠損が本番,FOUND,MISSING,FOUND,no,
L209,infra,運用ドキュメントに旧 `inbox_write.sh ... report_received` 手順が残っていると、忍者は report file 未作成でも task を done 化できる。done 通知は `ninja_done.sh,FOUND,MISSING,FOUND,no,
L208,infra,test_gate_metrics_model_labels.batsのテスト#158がライブtmuxセッションの@model_nameを取得し、テストフィクスチャの期待値と不一致になる。テスト内でtmuxルックアップをモックするか、環境非,MISSING,MISSING,FOUND,no,
L207,infra,summary: | のようなblock scalar指示子は、field_get(grep+sed方式)では | がリテラル文字列として返る。YAML parserを使わないためブロック内容は取得できない。空判定にはこのリテラル値のcas,MISSING,MISSING,FOUND,no,
L206,infra,NDL OCR-LiteのCC BY 4.0は帰属表示のみで商用利用・改変・再配布すべて可能。ShareAlike制約なし。依存ライブラリも全て商用利用可(MIT/Apache2/BSD)。GUIのflet依存問題はCLI/API利用で完全,FOUND,MISSING,FOUND,no,
L205,infra,2026-03-11 14:32 JST 実測で `kirimaru` pane は `@agent_state=idle` のまま `• Working (... esc to interrupt)` を表示した。`ninja_monit,FOUND,MISSING,FOUND,no,
L204,infra,30日分134件のSTALL-DETECTEDログを分析した結果、ほぼ全件が「ペインが確実にidle状態なのにtask YAML statusが未更新」パターン。当初想定されたBash長時間実行中の誤判定はログ上では確認できなかった。ただし,FOUND,MISSING,FOUND,no,
L203,infra,xAI APIのlive search(search_parameters)はchat/completionsで廃止(HTTP 410)。x_searchツールはResponses API(/v1/responses)でのみ利用可能。さらに,MISSING,MISSING,FOUND,no,
L202,infra,今回の Android UI は `Kinpaku` / `Zouge` / `Surface4` などの戦国色トークンを多画面で直接参照していたため、`lightColorScheme` を足すだけでは Light/Black へ切り替わ,MISSING,MISSING,FOUND,no,
L201,infra,MCP Memory API(memory MCP server)のobservationは単なるstring[]で、個別observationへのtag/priority/timestamp等の構造化メタデータ付与は不可能。フィルタリング,FOUND,MISSING,FOUND,no,
L200,infra,シンプルな無地背景推奨(背景画像よりソリッドカラー)。フォルダ/カテゴリ選択にはチップ(chip/tag)形式がベスト。Androidアプリのデザインシステムはandroid/.interface-design/system.mdを必ず参照,FOUND,MISSING,FOUND,no,
L199,infra,明確な視覚ヒエラルキー(Squint Test: 目を細めても構造がわかるか)。一貫性を保つ(アイコンスタイル統一/2ptストローク/角丸)。見た目が似ている要素は同じ機能にする。不要な装飾を削除。色は目的を持って使う(ブランドカラーはイン,FOUND,MISSING,FOUND,no,
L198,infra,プライマリボタンは画面に1つだけ。ボタン階層: filled(主)→outlined(副)→text-only(補助)の3段階。最小タッチターゲット48pt×48pt、要素間の最小間隔8pt。重要なアクションはメニューに隠さず表面に出す。ナ,MISSING,MISSING,MISSING,no,
L197,infra,サンセリフ体1種類で統一(x-heightの高いフォント推奨、Inter等)。フォントウェイトはRegular+Boldのみ(Light/Thin禁止)。大文字(UPPERCASE)の多用禁止。テキストは左揃え。本文の行間は最低1.5(15,MISSING,MISSING,FOUND,no,
L196,infra,スペーシングは8pt刻みのTシャツサイズ(XS=8/S=16/M=24/L=32/XL=48)。スペースで関連要素をグルーピング。不要なコンテナ(Box枠)を削除。アライメントは左揃えで統一。border-radiusを全要素で統一,FOUND,MISSING,FOUND,no,
L195,infra,UI要素コントラスト比3:1以上(WCAG 2.1 AA)。テキストコントラスト比: 小文字4.5:1以上、大文字3:1以上(18px以下)。色だけに頼らず下線・アイコン等の追加視覚指標を併用。純粋な黒(#000)テキスト禁止→ダークグレー,FOUND,MISSING,FOUND,no,
L194,infra,テスト252件がWSL2 I/Oオーバーヘッドで40秒を超過(46件しか完走不可)。120秒に延長で解決。テスト数増加時は定期的にtimeout見直しが必要,MISSING,MISSING,FOUND,no,
L193,infra,IF pre-push で `timeout 30 bats tests/unit/ --jobs 4` のような厳しい予算を課す時 THEN 実装コードより先に unit test 側の固定sleep・過大timeout・setup重複を,MISSING,MISSING,FOUND,no,
L192,infra,並列implのreviewではgit diff origin/main..HEADだけでなくgit diff --name-statusも確認し、対象差分が全てcommit済みか先に検証せよ。generated fileの大規模削除が混入す,FOUND,MISSING,FOUND,no,
L191,infra,"IF E2E test が `cp ""$PROJECT_ROOT/tests/e2e/fixtures/...""` のように fixture ファイルを前提にする時 THEN fixture 実在をテスト開始前に明示検証するか self-c",MISSING,MISSING,FOUND,no,
L190,infra,cmd_707で3名並列impl後review時、才蔵のみcommit済み・小太郎と影丸が未コミット。review配備前にgit status確認すべき,FOUND,MISSING,FOUND,no,
L189,infra,cmd_707で3名並列impl後review時、才蔵のみcommit済み・小太郎と影丸が未コミット。review配備前に家老がgit statusで未コミット差分確認するか完了ゲートにcommit検証追加すべき。,FOUND,MISSING,FOUND,no,
L188,infra,影丸がstatus:doneの報告を提出したがgit commitが未実施。レビュー担当(半蔵)がcommit+pushを代行した。,FOUND,MISSING,FOUND,no,
L187,infra,IF Compose で terminal の pinch-zoom `minScale` を `contentWidth` から算出する時 THEN `Text.onTextLayout` の viewport 制約済み幅ではなく `Te,MISSING,MISSING,FOUND,no,
L186,infra,IF review taskで `git push origin main` を行う時 THEN `git ls-remote origin refs/heads/main` だけでなく push直前に `git rev-parse HEA,MISSING,MISSING,FOUND,no,
L185,infra,`cmd_675` 配備後の `queue/tasks/hayate.yaml` には `report_path: queue/reports/hayate_report_cmd_675.yaml` が入っていたが、実ファイルは存在しなかっ,FOUND,MISSING,FOUND,no,
L184,infra,"`download_attachment_image()` に第2引数を追加した際、旧テストが1引数呼び出しのままで `local attachment_name=""$2""` が unbound variable で即死した。",MISSING,MISSING,FOUND,no,
L183,infra,Ubuntu既定の `~/.bashrc` は先頭で `case $-` により非対話シェルを即 return する。環境変数追加レビューで `bash -lc 'source ~/.bashrc'` だけを見ると false negati,MISSING,MISSING,FOUND,no,
L182,infra,今回のAndroidアプリは SettingsViewModel/NtfySettingsSection で ntfy topic を保存できる一方、実処理の NtfyService は Defaults.NTFY_TOPIC 固定値を参照,MISSING,MISSING,FOUND,no,
L181,infra,タスク記述ではAC4実装済み・AC1-3未実装とあったが、実際はAC1-3がcommit済み・AC4のみ未commit。着手前にgit diffで実態を確認することで無駄な作業を回避できた,FOUND,MISSING,FOUND,no,
L180,infra,IF whitelist-based .gitignore のrepoで新規source fileや対象scriptを追加する時 THEN git add前に git ls-files と git check-ignore -v で追跡可否,FOUND,MISSING,FOUND,no,
L179,infra,疾風がstatus: doneの報告YAMLを提出したが、git commitが未実施だった。レビュー担当がcommit+pushを代行した。impl忍者がcommitまで完了してから報告すべき。,FOUND,MISSING,FOUND,no,
L178,infra,Agent Teamsの公式ドキュメントURLが docs.anthropic.com/en/docs/claude-code/ から code.claude.com/docs/en/ に301リダイレクト。今後の偵察ではcode.clau,FOUND,MISSING,FOUND,no,
L177,infra,IF 追跡TSVやqueueの識別子をparent_cmdからtask_id/subtask_idへ変更する時 THEN 書き込み側だけでなく集計・更新・分析のconsumer全部で同じキー体系へ同期せよ because producer/,FOUND,MISSING,FOUND,no,
L176,infra,ストリーム購読デーモンで keepalive/open/outbound を同じ activity と見なすと、watchdog が『接続生存』しか測れず『実メッセージ停滞』を検知できない。byte-level と message-leve,MISSING,MISSING,FOUND,no,
L175,infra,`scripts/ntfy_listener.sh:317-319` が `read` 成功直後にLAST_STREAM_ACTIVITYを更新し、`190-192` でkeepalive/openを破棄していた。ntfy購読APIは ke,MISSING,MISSING,FOUND,no,
L174,infra,watchdogの活動時刻は『read成功』ではなく『意味のあるイベント処理成功』で更新すべし,MISSING,MISSING,FOUND,no,
L173,infra,instructions/common/roles を修正して build_instructions.sh を実行しても、AGENTS.md / .github/copilot-instructions.md / agents/defaul,FOUND,MISSING,FOUND,no,
L172,infra,git status の一時表示だけで ahead/behind を判断せず、`git branch -vv` と `git rev-parse HEAD origin/main` で追跡先一致を確認すると、不要な push ブロックや s,FOUND,MISSING,FOUND,no,
L171,infra,deploy_task.shのPython呼出し(2>&1|while)でexit code喪失。bash変数直接埋込はインジェクションリスク。os.environ[]パターン統一必須,MISSING,MISSING,FOUND,yes,
L170,infra,`scripts/log_terminal_response.sh` の `head -c 500` が多バイト文字を途中切断し、`queue/lord_conversation.yaml` に `\udce2\udc94` の壊れた文字列,FOUND,MISSING,FOUND,no,
L169,infra,"scripts/ntfy_listener.sh の ntfy_inbox追記(173-178)は本文を未エスケープで埋め込むため、""を含むログでYAMLが壊れる。append系は flock + parse + dump の原子トランザク",FOUND,MISSING,FOUND,no,
L168,infra,IF auto_draft_lesson.shからlesson_write.shにIF/THEN/BECAUSE値を渡す時 THEN IF_THEN_FLAGSの文字列結合ではなく、個別にquotedした引数として渡す,MISSING,MISSING,FOUND,no,
L167,infra,IF ストリーム購読系デーモン時 THEN ntfy_listenerで多重起動防止(lock/pidfile)とMSG_ID重複排除が無いと、運用上の二重起動や再接続再配送で同一イベントを二重記録する,MISSING,MISSING,FOUND,no,
L166,infra,IF ストリーミング受信デーモンを新規実装する時 THEN 受信側にもflock/pidfileによる単一起動ロックを持たせよ,FOUND,MISSING,FOUND,no,
L165,infra,IF 教訓効果率の低い教訓群を分析する時 THEN 自動退役は『低効果』だけでなく『仕組み化完了フラグ』連動で回すべき,MISSING,MISSING,FOUND,no,
L164,infra,IF Claude Code Hooksのshスクリプトを作成する時 THEN set -euのみ使用しpipefailは使うな,FOUND,MISSING,FOUND,no,
L163,infra,IF MAX_ENTRIES等の定数変更時 THEN impl側の定数変更とテストの前提値の整合性チェックをACに含めるべき,MISSING,MISSING,MISSING,no,
L162,infra,IF フックスクリプトテスト時 THEN dirname($0)からパス計算するスクリプトは環境変数上書きでは対応不能,MISSING,MISSING,FOUND,no,
L161,infra,IF ntfy添付画像を保存する時 THEN attachment MIMEに合わせた拡張子付与またはPNG変換を標準化せよ,MISSING,MISSING,FOUND,no,
L160,infra,IF ntfyのprivate topicから添付ファイルをダウンロードする時 THEN ストリーム購読時に組み立てたAUTH_ARGSを添付ファイルcurlにも共通適用せよ,MISSING,MISSING,MISSING,no,
L159,infra,IF 5軸以上の独立した偵察を実施する時 THEN 並列Agent(例: 4並列)で各軸を分担して同時実行せよ 軸ごとの独立性が高い偵察タスクではExplore Agentの並列起動が有効。,FOUND,MISSING,FOUND,no,
L158,infra,IF ローテーション機能をレビューする時 THEN 境界値テストに加え、200超の初期データ(例:250件)を用いた追記検証を実施せよ,FOUND,MISSING,FOUND,no,
L157,infra,IF 追記型YAMLの上限制御時 THEN append処理とローテーションを分離すると肥大化区間が残る,MISSING,MISSING,FOUND,no,
L156,infra,IF set -e環境で非0戻り値を返す判定関数を呼び出す時 THEN `if func; then rc=0; else rc=$?; fi` 形式で受けよ,MISSING,MISSING,MISSING,no,
L155,infra,IF lib/配下の共通関数を実装する時 THEN 呼出し元の環境変数依存を関数冒頭で明示バリデーションせよ,MISSING,MISSING,FOUND,no,
L153,infra,IF レビューACにpush条件がある時 THEN git rev-list --left-right --countでorigin/mainとの差分を事前確認せよ,FOUND,MISSING,FOUND,no,
L152,infra,IF lessons.yamlを更新した後にdashboard_auto_section.shの出力を確認する時 THEN KM_JSON_CACHEの無効化条件にlessons.yaml変更検知を追加すべき,FOUND,MISSING,FOUND,no,
L151,infra,IF Git hookをリポジトリに導入する時 THEN スクリプト内容だけでなくexecutable bit(100755)のコミット有無を必ず確認せよ,MISSING,MISSING,MISSING,no,
L150,infra,IF commit関連のACを検証する時 THEN git commit --dry-runではなく実commit(失敗想定)またはhook直接実行で検証せよ,MISSING,MISSING,FOUND,no,
L149,infra,IF shellスクリプトやgit hookでテキスト検索を行う時 THEN rgではなく標準のgrepを使え,MISSING,MISSING,FOUND,no,
L148,infra,IF AC文言は値参照元変更以外(例: コメント追記)の許容範囲を明示時 THEN 今回の差分にはtimestamp行コメント追記が含まれるが、機能要件への影響はない,MISSING,MISSING,FOUND,no,
L147,infra,IF related_lessons.detail注入はlessons.yamlスキーマ依存 — 現行スキーマ時 THEN AC6を成立させるには(1) lessons.yamlへdetail同期追加、または(2)summaryをdetai,FOUND,MISSING,FOUND,no,
L146,infra,IF AC6系(教訓注入関連)をレビューする時 THEN git diff確認に加え、summary-only lessonを使ったdeploy_task再現実行を実施せよ,FOUND,MISSING,FOUND,no,
L145,infra,IF ashigaru.mdの内容を修正する時 THEN build_instructions.shのソースファイル(roles/;templates/等)を修正せよ body contentはinstructions/roles/ashi,FOUND,MISSING,FOUND,no,
L144,infra,IF git add/gitignore失敗の頻度を分析する時 THEN gate_metricsではなく専用guardログから集計せよ 発生頻度を継続観測するには、git add実行点でignored pathを記録する,MISSING,MISSING,FOUND,no,
L143,infra,IF gitignoreエラー時 THEN 対策は(1)ashigaru.md明文化(即効)→(2)pre-commitフック(根治)の段階実施が有効,FOUND,MISSING,FOUND,no,
L142,infra,IF 飛猿報告のテスト8件時 THEN テスト件数を報告する場合は根拠(ファイル名・実行コマンド)も記載すべき,MISSING,MISSING,FOUND,no,
L141,infra,IF lesson_deprecation_scan.shで大量教訓を自動退役する時 THEN 教訓数に応じてバッチ処理(1回のPython内で複数教訓を更新)への変更を検討せよ,MISSING,MISSING,FOUND,no,
L140,infra,IF レビューFAILで再提出を指示する時 THEN revert対象を明示し、scope内差分を保持した最小修正で再提出させよ,FOUND,MISSING,FOUND,no,
L139,infra,IF scope外変更のrevert確認時 THEN 本件ではkirimaru impl(85c8a96)とsaizo revert(f4b264c)の正味diffで主要3点(ALWAYS_REQUIRED/preflight/GATE C,FOUND,MISSING,FOUND,no,
L138,infra,taskが特定セクション改修を要求している場合、commit diffに無関係なgate条件変更が混在した時点でFAILとし、目的適合性違反として差し戻す運用が必要。,FOUND,MISSING,FOUND,no,
L137,infra,deploy_task.shがlesson.doneをlesson_checkで先行生成する設計は、cmd_complete_gate.shのpreflight upgradeが正常動作する前提。しかしupgradeロジックにhas_fou,MISSING,MISSING,FOUND,no,
L136,infra,IF preflight_gate_flagsのupgradeロジックを修正する時 THEN has_found_true変数のスコープがif/else両ブロックで有効か確認せよ,MISSING,MISSING,FOUND,no,
L135,infra,IF build_instructions.sh時 THEN 副作用のないヘルプ確認を想定すると生成差分が発生する,FOUND,MISSING,MISSING,no,
L134,infra,IF bashスクリプトの関数をbatsでユニットテストする時 THEN LIB_ONLYガード(例: NINJA_MONITOR_LIB_ONLY)を使ってメインループを実行せず関数定義のみロードせよ,MISSING,MISSING,MISSING,no,
L133,infra,IF lessons.yamlのinjection_countを参照する時 THEN 全件0の可能性を考慮し、sync_lessons.shの同期状態を確認せよ,FOUND,MISSING,FOUND,no,
L132,infra,IF dashboard_update.sh時 THEN 進捗メモ（配備開始等）にはEdit toolを使え,MISSING,MISSING,FOUND,no,
L131,infra,sweep mode（引数なし）はstatus判定のみだと進行中cmdの報告を早期退避し得る。原則はcmd_id指定呼び出しとし、sweepにはparent_cmd status確認（未解決時keep）を必ず入れる。,FOUND,MISSING,FOUND,no,
L130,infra,IF PowerShellのGet-Clipboard -Format Imageで画像を取得する時 THEN try/catchだけでなくnull判定も必須化せよ,MISSING,MISSING,FOUND,no,
L129,infra,python3-venv未導入だとvenv構築不可。pip --userもPEP668で拒否されるため、偵察手順に --break-system-packages か事前venv確認を含めるべき。,MISSING,MISSING,FOUND,no,
L128,infra,IF OSS参照タスク時 THEN task記載URLが移転/非公開化されている場合がある,MISSING,MISSING,MISSING,no,
L127,infra,cmd_494再配備時、先行忍者(tobisaru)が既にcommit+report提出済みだった。家老は再配備前にgit log + report存在を確認することで重複作業を防止できる。小太郎cmd_494r2で発見,FOUND,MISSING,FOUND,no,
L126,infra,IF 非同期通知ラッパー(常時exit 0)の結果をif判定で使う時 THEN 同期モードまたは結果ファイル連携で結果を取得せよ,MISSING,MISSING,FOUND,no,
L125,infra,IF paste-bufferで特定ペインにデータを注入する時 THEN 注入先の@agent_idを検証してから実行せよ(defense-in-depth),MISSING,MISSING,FOUND,no,
L124,infra,IF paste-bufferの-dフラグはタイムアウト時 THEN timeout N tmux paste-buffer -b name -dでタイムアウトした場合、-d(使用後削除)は発動しない,MISSING,MISSING,FOUND,no,
L123,infra,IF tmuxのsend-keysやset-optionでターゲットを指定する時 THEN ウィンドウINDEXではなくNAME(例: shogun:main)を使え,FOUND,MISSING,FOUND,no,
L122,infra,IF SKILL.md手順追加時 THEN SKILL.md原則に所要時間やEdit不要等の制約記載がある場合、新Stepが制約に抵触しないか確認,MISSING,MISSING,FOUND,no,
L121,infra,IF YAML回転処理(古いエントリの刈り込み)を実装する時 THEN echo headerで先にヘッダを書き出してからsed出力を>>追記せよ,MISSING,MISSING,FOUND,no,
L120,infra,IF report gateで報告ファイルの存在判定を行う時 THEN prefix検索+archive探索を併用せよ,FOUND,MISSING,FOUND,no,
L119,infra,inline Python scriptの実行結果(注入ID一覧)をpostcondファイルに書き出し、bash側で読み取って後続処理(lesson_update_score.sh呼び出し)を実行するパターン。send-keys不要で安全。,FOUND,MISSING,FOUND,no,
L118,infra,IF tmux set-optionでwindow option(pane-border-format等)を設定する時 THEN window明示(-w -t shogun:main|agents)か専用適用スクリプト呼出しを使え,FOUND,MISSING,FOUND,no,
L117,infra,フィールド名変更は本体(ashigaru.md)だけでなくgenerated/4ファイル、roles/ashigaru_role.md、templates/report_implement.yaml、cmd_complete_gate.sh,FOUND,MISSING,FOUND,yes,
L116,infra,scripts/lesson_effectiveness.shがgit addで拒否された。whitelist方式の.gitignoreでは新規ファイルは自動的に除外される。lesson L113と同根だが、テストファイル限定ではなく全ファ,MISSING,MISSING,FOUND,no,
L115,infra,IF awkでYAMLのインデント階層ごとにフィールドを抽出する時 THEN インデント深さの正規表現条件を明示的に指定せよ。浅いパターンは複数階層にマッチして誤抽出する,MISSING,MISSING,MISSING,no,
L114,infra,cmd_464_hotfix,FOUND,MISSING,FOUND,no,
L113,infra,IF タスク指定ファイルが.gitignore whitelist外の可能性がある時 THEN 配備時に対象ファイルのgit追跡可否を事前検証せよ,FOUND,MISSING,FOUND,no,
L112,infra,check_stall()はtask_id(L835)を読むが、タスクYAMLにはsubtask_idしか存在しない。結果、2/26以降STALL-DETECTEDが0件になりSTALL検知が沈黙。task_id||subtask_idフォ,FOUND,MISSING,FOUND,no,
L111,infra,IF ACにテストファイル実行が含まれる時 THEN 実行前にファイルの実在を確認し、不在なら停止して報告せよ,MISSING,MISSING,MISSING,no,
L110,infra,IF settings.local.json時 THEN .claude/settings.local.jsonはgitignore whitelist未登録でpush対象に指定されてもgit addできない,FOUND,MISSING,FOUND,no,
L109,infra,git addで対象ファイルのみ追加してもstaged済み他ファイルが巻き込まれる。git commit -- <file>で対象限定すべき。,MISSING,MISSING,FOUND,no,
L108,infra,IF compact_stateにタスク状態を記録する時 THEN 長さ制限(例: 500文字)の追加を検討せよ,FOUND,MISSING,FOUND,no,
L107,infra,IF dedupログ仕様時 THEN ACにログ文言が含まれる場合、語順・語彙・プレフィックス空白も含めて一致確認が必要,MISSING,MISSING,FOUND,no,
L106,infra,L303: load_lesson_summaries(os.path.dirname(data_file))は data_file=SCRIPT_DIR/logs/lesson_impact.tsvの場合にlogs/を渡す。,MISSING,MISSING,FOUND,no,
L105,infra,tests/helpers/setup.bashでpane-base-index未固定だとユーザーtmux設定が1始まりの環境でe2e_test:agents.0が存在せずセットアップ失敗。E2Eセッション作成直後にpane-base-in,FOUND,MISSING,FOUND,no,
L104,infra,IF OSSリポジトリや外部ソースからファイルを参照する時 THEN 先にtreeを取得して実パスを確定してから取得せよ,MISSING,MISSING,MISSING,no,
L103,infra,IF skill.md(小文字)でスキル配置時 THEN DM-signal側2スキルがskill.md小文字で配置,FOUND,MISSING,FOUND,yes,
L102,infra,タスク仕様で「queue/gate_metrics.yaml — 教訓参照履歴(lesson_referenced)」と指定されたが実際のファイルは存在せず、正しくはlogs/lesson_tracking.tsvが教訓参照情報を持つ。タス,FOUND,MISSING,FOUND,no,
L101,infra,gate_metricsのデータはqueue/gate_metrics.yaml(YAML)ではなくlogs/gate_metrics.log(TSV 6列: timestamp/cmd_id/result/reason/task_type,FOUND,MISSING,FOUND,no,
L100,infra,IF gate_metricsにtask_typeを遡及付与する時 THEN deploy_task.logのsubtask IDパターン推定を使用せよ,MISSING,MISSING,FOUND,no,
L099,infra,IF 既存ログファイルをbackfillする時 THEN 事前にログファイルのフォーマット(TSV/YAML/JSON等)を確認してからパーサーを実装せよ 実際には「logs/gate_metrics.log」(TSV)。ファイル形式の事前,MISSING,MISSING,FOUND,no,
L098,infra,IF 混在フォーマットのYAMLファイル(commands:ブロック+ベアリスト)をパースする時 THEN splitしてcommands:ブロックとベアリスト部分を別々にパースするフォールバックを用意せよ,FOUND,MISSING,FOUND,no,
L097,infra,cmd_complete_gate.shはscripts/配下(scripts/gates/ではない)のため、L070(field_get義務)の除外対象外。現在grepで動作するが、YAML構造変更時にサイレント失敗の可能性あり。fiel,MISSING,MISSING,FOUND,no,
L096,infra,bash;variable-scope;preflight,FOUND,MISSING,FOUND,no,
L095,infra,IF archive_dashboard()のgrep戦果行パターン不一致 — AUTO移行後時 THEN archive_dashboard()のgrep '^\| [0-9]'は戦果行(| cmd_XXX |)にマッチしない,MISSING,MISSING,FOUND,no,
L094,infra,rootのshutsujin_departure.shはcmd_405でSSOT化済みだが、scripts/shutsujin_departure.sh(セッション設定用)のsaizo pane変数(@model_name Sonnet)に,FOUND,MISSING,FOUND,no,
L093,infra,新規ファイル作成後にgit add+commitを実行せずuntrackedのまま残した。.gitignore whitelistはあったがuntrackedのまま。新規ファイル作成時はgit statusでtracked確認をACに含める,FOUND,MISSING,FOUND,no,
L092,infra,get_model()のawkが各エージェント名行でat/am変数をリセットしていたため、ターゲットエージェント設定後に次エージェント行でリセットされた。BEGIN{at=;am=}で初期化しエージェント名行ではリセットしない方式が正。,FOUND,MISSING,FOUND,no,
L091,infra,CLAUDE.mdの変更が.github/copilot-instructions.mdとagents/default/system.mdに反映されなかった。CLAUDE.md更新タスクではgrep -riで全派生ファイルを事前列挙し、AC,FOUND,MISSING,FOUND,no,
L090,infra,copilot-instructions.mdとsystem.mdはgitignoreで管理外。CLAUDE.md修正→commitしても派生ファイルは自動再生成されず、build_instructions.shの手動実行が必要。レビューA,FOUND,MISSING,FOUND,no,
L089,infra,infra7件+dm-signal30件のuniversalが全デプロイに候補入り。10件上限中5件をuniversalが占有しタスク固有教訓枠は実質5件。universal基準の厳格化(helpful率80%以上かつ全タスクタイプに適用),MISSING,MISSING,FOUND,no,
L088,infra,lesson_tags.yamlのdeployパターンに環境、lessonパターンに教訓等の汎用語が含まれ、ほぼ全タスクが多数タグにマッチ(最大15/22タグ)。推定タグ数上限(max 3)の導入が必要,MISSING,MISSING,FOUND,no,
L087,infra,knowledge_metrics.shのΔ計算は全TSV行を独立カウントするが(1)BLOCK→CLEARリトライが1cmdあたり最大5行に膨張し教訓あり群のBLOCK率を押し上げ(2)missing_gate(73%)は教訓効果と無関係,FOUND,MISSING,FOUND,no,
L086,infra,auto_draft_lesson.sh L151でlesson_write.shを呼ぶ際、6番目引数(CMD_ID)が空文字。lesson_write.shはCMD_IDが空だとlesson.doneフラグを生成しない(L339条件)。本,MISSING,MISSING,FOUND,no,
L085,infra,cmd_392はashigaru.md/karo.mdのみをAC3スコープとしたが、CLAUDE.md:20(全エージェント自動ロード)、instructions/common/(生成ファイルのビルド元)、cmd_complete_gate,FOUND,MISSING,FOUND,no,
L084,infra,L005は「ashigaru.mdの本文はroles/ashigaru_role.mdから取得」と言うが、2026-02-27時点でroles/ディレクトリ自体が存在しない。build_instructions.shがinstruction,FOUND,MISSING,FOUND,no,
L083,infra,launch_cmdのSSOT管理(cli_profiles.yaml)が再発防止の要。CLI_ADAPTER_LOADED=falseのフォールバックパスや手動起動時にフラグ漏れると全操作で権限確認が発生しCodex下忍が停止する,FOUND,MISSING,FOUND,yes,
L082,infra,CLAUDE_CONFIG_DIRのような分離機構がCodexにはない。history.jsonl・state_5.sqlite・sessions/が全Codexエージェント間で共有。session_id混在・SQLite競合のリスクあり。,FOUND,MISSING,FOUND,no,
L081,infra,ntfy_listener.shのYAML出力インデント変更(2sp→0sp)でスクリプトのみ修正し既存データの一括マイグレーションを怠った。旧/新フォーマット混在でYAMLパーサーエラー発生。追記型ファイルのフォーマット変更時はsed等で,MISSING,MISSING,FOUND,no,
L080,infra,SSOT→YAMLキャッシュ変換はscore系3フィールド(helpful_count/harmful_count/last_referenced)のみ保持。tags等の新フィールドを追加してもsync側で(1)SSOTパース(2)キャッシ,MISSING,MISSING,FOUND,no,
L079,infra,scripts/deploy_task.shのinject_related_lessons実行でrelated_lessons配列が再構築され、reviewed:trueが保持されない。結果として次回deploy_task.sh実行時にen,MISSING,MISSING,FOUND,no,
L078,infra,gate_metrics.log分析で329件のBLOCK理由を全件分類。65%(214件)がmissing_gate(archive/lesson/review_gate)=家老の処理順序とゲート実行タイミングの不一致。81-90%が5分,MISSING,MISSING,FOUND,no,
L077,infra,karo.md→operations.md分離でgenin/jonin詳細表、Status Transitions、停滞タイムアウト値等が除去されたがoperations.mdに未移動で消失。圧縮元の全セクションリスト化→移動先(圧縮/移動,FOUND,MISSING,FOUND,no,
L076,infra,新関数(inject_role_reminder/inject_report_template)はL047準拠(環境変数経由)だが、旧来のresolve_pane(L58-67)とcheck_context_freshness(L805-8,MISSING,MISSING,FOUND,no,
L075,infra,IF ファイル内容を特定の区切り文字で分割パースする時 THEN content.split(delimiter)ではなくline-by-lineで処理せよ,MISSING,MISSING,FOUND,no,
L074,infra,((PASS++))はPASS=0の時に((0))を評価→exit code 1→set -eでスクリプト即終了。PASS=$((PASS+1))に変換必須。,MISSING,MISSING,FOUND,no,
L073,infra,cmd_371 C1のタスク指示は'lib/配下→..でリポルート'だったが、実際はscripts/lib/配下のため../..が必要。指示コードをそのまま使うとscripts/で止まりセキュリティ境界が誤動作する。realpathで実機確,MISSING,MISSING,FOUND,no,
L072,infra,shout.sh(ninja FINAL step必須)とgate_mcp_access.sh(セキュリティhook)がwhitelist未登録。スクリプト作成直後にgit ls-files --error-unmatchで追跡確認せよ,FOUND,MISSING,FOUND,no,
L071,infra,30+ファイルはSCRIPT_DIR=リポジトリルートだが7ファイル(shout;cmd_halt;health_check等)はscripts/自身基準でBASE_DIRで親に戻る方式。リポルート基準への統一推奨,FOUND,MISSING,FOUND,no,
L070,infra,L171/172/666/901/942/943の6箇所がgrep '^  フィールド名:'で2sp固定。archive_completed.sh(cmd_369)と同根の問題。grep -E '^\s+フィールド名:'に統一せよ,MISSING,MISSING,FOUND,no,
L069,infra,shogun-param-neighbor-checkはMarkdown見出しのみでフロントマターなし→スキル検出システムに認識されず。他8スキルは全てフロントマター持ちで正常検出。,FOUND,MISSING,FOUND,no,
L068,infra,root版(フルデプロイ)は階級別静的PANE_BG_COLORS配列を使用し、reset_layout.shはモデル別動的_resolve_bg_color()を使用。cmd_361で導入したモデル別色がroot版に未反映。色定義の共通関,MISSING,MISSING,FOUND,no,
L067,infra,IF ペイン背景色をモデル名と連動させたい時 THEN reset_layout.sh(起動時一括設定)でのみ背景色を設定する現行設計を理解した上で対処せよ,FOUND,MISSING,FOUND,no,
L066,infra,integration;yaml-key-mismatch;dry-run-limitation,FOUND,MISSING,FOUND,no,
L065,infra,IF テンプレートを新規作成または変更する時 THEN (1)セクション名が実ファイルと完全一致するか (2)既存コードの依存セクションがテンプレートに含まれているか を検証せよ,MISSING,MISSING,FOUND,no,
L064,infra,knowledge_metrics.shはbash実行テストでは正常動作するが、whitelist方式.gitignoreでgit管理外になる。レビュー時にgit ls-files or git status --shortでgit管理状態,FOUND,MISSING,FOUND,no,
L063,infra,観点⑧のPythonコードが才蔵骨格実装時にdataを直接イテレーションしていた。lessons.yamlはトップレベルがdictでlessonsキー配下にリスト構造。for lesson in data.get('lessons';[]),FOUND,MISSING,FOUND,no,
L062,infra,IF YAMLフィールド(acceptance_criteria等)の要素をjoinする時 THEN 要素がdict型の場合があるため、str()変換のフォールバックを入れよ,MISSING,MISSING,FOUND,no,
L061,infra,3提案はそれぞれデータ構造を調査したが、cmd_complete_gate.shの実コード(1052行)を読んで初めて永続化追記の最適箇所(GATE判定直前)が判明した。提案段階の推定行番号(A:L297;C:L871)はいずれも不正確。統,FOUND,MISSING,FOUND,no,
L060,infra,IF 上書き式YAML(タスク/報告)でメトリクスデータを永続化したい時 THEN 追記ログ(lesson_tracking.tsv等)をcmd_complete_gate.shに追加して別経路で永続化せよ,FOUND,MISSING,FOUND,no,
L059,infra,IF 共通スクリプトのインタフェースをリファクタした後 THEN 全呼出し元のI/F整合(引数・出力形式)を検証せよ,MISSING,MISSING,MISSING,no,
L058,infra,hayate(subtask_340_impl_a),FOUND,MISSING,FOUND,no,
L057,infra,IF auto_deploy機能の発火タイミングを設計する時 THEN ninja_monitorのidle検知依存で最大25秒のラグが発生することを考慮せよ,FOUND,MISSING,FOUND,no,
L056,infra,queue/tasks/*.yamlは忍者名ファイル=上書き式のため完了タスク情報が消失する。auto_deploy機能を活用するには全サブタスクのYAMLを_subtask_*.yaml形式で事前作成し永続化する必要がある。task_id,FOUND,MISSING,FOUND,no,
L055,infra,report YAMLは扁平/ネスト2系統+ACフィールド名5種混在(ac_results/ac_status/ac_checklist/acceptance_criteria/acceptance_criteria_check)。自動パー,FOUND,MISSING,FOUND,no,
L054,infra,context追記部のflock -w 10失敗時はWARNのみで終了し教訓登録は成功扱いになるが反映漏れが静かに残る。syncマーカー更新も同じflock内のためflock失敗時はマーカーも未更新となる,FOUND,MISSING,FOUND,no,
L053,infra,Anthropic公式claude-4-best-practicesに明記。NEVER/MUSTはリテラル強制より文脈判断を優先し、ashigaru.mdのF001-F005は肯定形+理由付きに書き換えるとSonnet遵守率向上。L051の,FOUND,MISSING,FOUND,no,
L052,infra,cmd_318 hayate,FOUND,MISSING,FOUND,no,
L051,infra,cmd_318 kagemaru,FOUND,MISSING,FOUND,no,
L050,infra,3件の独立レビューが全て同じ偽陽性を報告。ただしTask3ではタイミング交絡あり(修正前コードレビュー→修正後コード検証)。純粋な見落としではない可能性,FOUND,MISSING,FOUND,no,
L049,infra,inbox_write.shの3件の独立レビューが全て同じ偽陽性(環境変数渡し済み+ホワイトリスト実装済み)を 報告した。コード中にHIGH-1/HIGH-2のコメントで明記されていたにもかかわらず見落とし。,FOUND,MISSING,FOUND,no,
L048,infra,check_and_update_done_taskがparent_cmdのみで判定していたためWave1報告doneがWave2タスクassignedを自動done化した。task_id一致チェックをL311後に追加して修正済み,FOUND,MISSING,FOUND,no,
L047,infra,python3 -c内で$name等を直接補間すると、シングルクォートを含む入力でコード実行可能。環境変数経由(os.environ)か外部.pyファイル+引数渡しにせよ。R2全3モデルが独立して同一指摘(HIGH),FOUND,MISSING,FOUND,yes,
L046,infra,CLIバナーからモデル名を検出する際、コマンドテキスト自体にバナーパターンが含まれるfalse positiveに注意。grep+tail -1だけでなく、モデル名(Opus|Sonnet|Haiku)+バージョン番号まで含めた精密パターン,MISSING,MISSING,FOUND,no,
L045,infra,IF 報告YAMLからAC達成状況を自動パースする時 THEN acceptance_criteria/ac_status/ac_checklistの3パターン全てに対応せよ,MISSING,MISSING,FOUND,no,
L044,infra,忍者名_report.yaml(ルートレベルフィールド)とsubtask_*.yaml(report:キー配下)で構造が異なる。スキーマ検証やパーサーは両方に対応が必要,FOUND,MISSING,FOUND,no,
L043,infra,シェル変数($CONTENT/$TARGET)をPython文字列へ直接展開している。環境変数経由(os.environ)で渡す方式に修正すべき。TARGETも[a-z_]のみ許可バリデーション追加推奨,FOUND,MISSING,FOUND,no,
L042,infra,偵察→統合を同一忍者に割り当てるとreport初期化で偵察報告が消失。L024の実害パターン。回避策: 別忍者に分離 or reportアーカイブ実装,FOUND,MISSING,FOUND,no,
L041,infra,IF tmuxペインにエージェント固有の状態を保持させたい時 THEN @user_option(例: @agent_id)を使用せよ,MISSING,MISSING,FOUND,no,
L040,infra,IF WSL2環境でUsage APIを呼び出す監視スクリプトを実装する時 THEN timeout設定を10秒以上に設定せよ,MISSING,MISSING,FOUND,no,
L038,infra,L035の実害事例。V2検証でcmd_311に対してgate実行した際、saizo未完了状態でauto-draftが本番lessonsに書き込まれた。検証時は必ずテスト用cmdを使用すべき。,FOUND,MISSING,FOUND,no,
L037,infra,auto_failure_lesson.sh作成時にもCRLF混入(L008)。Write tool経由の新規.shは100%CRLFになる前提でsed -i 's/\r$//'を即実行すべき,FOUND,MISSING,FOUND,no,
L036,infra,IF テストデータrevertでgit checkout -- SSOT時 THEN 対策: SSOTのrevertはgit管理外ファイルのみか、当該テストエントリのみ手動削除で対処すべき,MISSING,MISSING,FOUND,no,
L035,infra,cmd_complete_gate.shはテスト用cmdでもinbox_archiveチェックを走らせる。検証時は運用データに副作用を与え得るため、隔離データまたは明示dry-run設計が望ましい,MISSING,MISSING,FOUND,no,
L034,infra,awk/sedパターンは固定インデントに依存させず柔軟なマッチに。cmd_complete_gate.shのupdate_status()も4space固定依存あり要注意,MISSING,MISSING,FOUND,no,
L033,infra,lesson_write.sh L150-151でdraftのみstatus出力。confirmedはスキップ。sync_lessons.shはSSOTにstatus行がなければYAMLにも生成しない。27件の欠落がこれで説明される。推奨修,FOUND,MISSING,FOUND,no,
L032,infra,##PJ名から次の##直前までが差替え対象。セクション内の###は区切りではない。才蔵設計,FOUND,MISSING,FOUND,no,
L031,infra,IF CLAUDE.md PJ固有比率時 THEN 95%以上がPJ非依存骨格,FOUND,MISSING,FOUND,no,
L030,infra,config/projects.yamlのcurrent_projectは定義されているが、scripts/配下で このフィールドを読むスクリプトがゼロ。プロジェクトルーティングは完全に,FOUND,MISSING,FOUND,no,
L029,infra,inbox_watcherの60秒安全網とninja_monitorのrenudge/cmd_pending再送が独立に動作するため、受信側が1回取り逃すと同一未読に対するnudgeが多重化する。再送は単一路化し、状態遷移またはfinger,FOUND,MISSING,FOUND,no,
L028,infra,タスク記述のRun#とSHAが実データと異なるケースがある。Run #73=SHA c2313802(失敗)だが、タスクにはRun #73=SHA 06829a3と記載されていた。調査開始前にgh run listで実データを確認すべし,FOUND,MISSING,FOUND,no,
L026,infra,IF 知識ファイルの陳腐化が疑われる時 THEN 追加onlyの運用を見直し、定期的な削除・更新サイクルを導入せよ,FOUND,MISSING,MISSING,no,
L024,infra,queue/reports/は各忍者1ファイルで最新報告のみ保持。archive_completed.shはreportsを退避対象としていない。教訓登録効果測定や品質分析にはアーカイブ保存が必要。3名合議で独立に同一問題を指摘。,FOUND,MISSING,FOUND,no,
L023,infra,lesson_candidateからの転記自動化が最適解。key_findingsからの自動抽出はノイズ増大(3名一致)。入力品質(報告スキーマ厳格化)を先に固定してから自動化すべき。found=trueのlesson_candidate→,MISSING,MISSING,FOUND,no,
L022,infra,flock内pythonがexit 1するとサブシェル失敗→lock失敗と誤認し3回リトライする。python exit codeの分離が望ましい。現状は結果正常のため低優先,FOUND,MISSING,FOUND,no,
L021,infra,declare -Aは関数内でsourceされるとfunction-localになる。declare -gAを使えばグローバルスコープに宣言できる(bash 4.2+)。キャッシュ用連想配列をライブラリに持つ場合は特に注意。,FOUND,MISSING,FOUND,no,
L020,infra,IF sourceされるライブラリの設定パスを定義する時 THEN 呼出し元と共通の環境変数(例: CLI_ADAPTER_SETTINGS)を使用せよ,MISSING,MISSING,FOUND,no,
L019,infra,grep -c patternは0件時も'0'を出力してexit 1を返す。|| echo 0を付けると'0'出力後にecho 0が追加実行され、変数が'0\n0'になる。件数カウントにはawkを使うか、出力の改行/空白除去+数値バリデーシ,FOUND,MISSING,FOUND,no,
L018,infra,Claude Code Edit toolはファイルロック(flock)を使わない。inbox_write.shがflock付きで書込む同ファイルにEdit toolで書き戻すと、inbox_write.shの書込み内容が失われる(Lost,FOUND,MISSING,FOUND,no,
L017,infra,deploy_task.shの入口門番(check_entrance_gate)は、同一タスクの再配備時にもreviewed:false残存をブロックする。初回起動失敗→再配備のケースではinbox_write.sh直接送信で回避が必要。将,FOUND,MISSING,FOUND,no,
L016,infra,IF OAuthリフレッシュトークンを複数セッションで共有する時 THEN CLAUDE_CODE_OAUTH_TOKENで直接トークンを指定してリフレッシュ競合を回避せよ,MISSING,MISSING,MISSING,no,
L015,infra,IF Claude Codeで複数アカウントを運用する時 THEN CLAUDE_CONFIG_DIRで~/.claude丸ごと切替、CLAUDE_CODE_OAUTH_TOKENで認証のみ切替を使い分けよ,FOUND,MISSING,FOUND,no,
L014,infra,IF grep --exclude時 THEN grep --exclude-dirやgrep --excludeはWSL2の/mnt/c(Windows FSマウント)上では予期しない動作をすることがある,MISSING,MISSING,MISSING,no,
L013,infra,karo.md(直接読み用)とroles/karo_role.md(ビルド用ソース)は別ファイル。karo.mdの変更だけではgenerated/karo.md等のビルド生成物に反映されない。一括置換タスクでは両方をスコープに含めるべき。L,FOUND,MISSING,FOUND,no,
L012,infra,bashrc aliasではパイプ構文(curl|bash等)をブロックできない。パイプはシェル構文であり個々のコマンドのalias化では検知不可。capture-pane監視(ninja_monitor)による検知が有効な代替手段。,FOUND,MISSING,FOUND,no,
L011,infra,core.hooksPathが.githooksに設定されている場合、.git/hooks/にフックを配置しても無視される。フック作成時はまず git config --get core.hooksPath を確認し、適切なディレクトリに配,FOUND,MISSING,FOUND,no,
L010,infra,IF 報告YAMLからstatus行をgrepで抽出する時 THEN '^status:'で先頭マッチさせよ,FOUND,MISSING,FOUND,no,
L009,infra,IF whitelist方式.gitignoreのリポジトリでcommitする時 THEN git statusで全対象ファイルの認識状態を確認し、whitelist追加漏れがないか検証せよ,FOUND,MISSING,FOUND,no,
L008,infra,WSL2環境(/mnt/c/)でClaude CodeのWriteツールで新規.shファイルを作成するとCRLF改行になる場合がある。新規.sh作成後はfile commandでチェックし、CRLF混入時はsed -i 's/\r$//' ,FOUND,MISSING,FOUND,no,
L007,infra,multi-agent-shogunの.gitignoreは*で全除外→!で個別許可方式。scripts/配下に新ファイルを作成してもwhitelist未追加だとgitignoreされ、git addしてもcommitに含まれない。レビュー,FOUND,MISSING,FOUND,no,
L006,infra,IF lesson_write.shで新規教訓を登録する時 THEN タイトル類似度チェックまたはsource_cmd重複チェックを事前に実施せよ,MISSING,MISSING,FOUND,no,
L005,infra,ashigaru.mdの本文コンテンツはroles/ashigaru_role.mdから取得される。ashigaru.md本体への変更だけではbuild生成物に反映されない。roles/のパーツファイルも同時に更新が必要。,FOUND,MISSING,FOUND,no,
L004,infra,tmuxペイン変数@current_taskが空文字でも、忍者が実際にアイドルとは限らない。capture-paneで実際の画面出力を確認してから判断せよ。変数が設定されていないだけで作業中の可能性がある。,MISSING,MISSING,FOUND,no,
L003,infra,CLAUDE.mdやinstructions/*.mdを更新しても、既に稼働中のエージェントのコンテキストには反映されない。ninja_monitor.shにcheck_script_update機能を追加し、スクリプト更新時に/clear,FOUND,MISSING,FOUND,no,
L002,infra,inbox_watcher.shは60秒リトライ内蔵だが、家老がforeground bashコマンドでブロック中はnudgeを受信できない。Bash toolのrun_in_background=true必須化で解決。新スクリプト不要。,FOUND,MISSING,FOUND,no,
L001,infra,Claude CodeはRead未実施のファイルへのWrite/Editを拒否する。タスクYAML・inbox・報告YAML等を書く前に必ず対象ファイルをReadせよ。Write-before-Read試行はエラーとなりリトライが必要になる,FOUND,MISSING,FOUND,no,
