pid,name,year_month,prod_holding_signal,gs_holding_signal,match
DM2_SXLU_T1_M_L2502,シン青龍-激攻,2012-03,TECL,TECL,MATCH
DM2_SXLU_T1_M_L2502,シン青龍-激攻,2012-04,TECL,TECL,MATCH
DM2_SXLU_T1_M_L2502,シン青龍-激攻,2012-05,TQQQ,TQQQ,MATCH
DM2_SXLU_T1_M_L2502,シン青龍-激攻,2012-06,TQQQ,TQQQ,MATCH
DM2_SXLU_T1_M_L2502,シン青龍-激攻,2012-07,TQQQ,TQQQ,MATCH
DM2_SXLU_T1_M_L2502,シン青龍-激攻,2012-08,TQQQ,TQQQ,MATCH
DM2_SXLU_T1_M_L2502,シン青龍-激攻,2012-09,TQQQ,TQQQ,MATCH
DM2_SXLU_T1_M_L2502,シン青龍-激攻,2012-10,TQQQ,TQQQ,MATCH
DM2_SXLU_T1_M_L2502,シン青龍-激攻,2012-11,TQQQ,TQQQ,MATCH
DM2_SXLU_T1_M_L2502,シン青龍-激攻,2012-12,TQQQ,TQQQ,MATCH
DM2_SXLU_T1_M_L2502,シン青龍-激攻,2013-01,TQQQ,TQQQ,MATCH
DM2_SXLU_T1_M_L2502,シン青龍-激攻,2013-02,TQQQ,TQQQ,MATCH
DM2_SXLU_T1_M_L2502,シン青龍-激攻,2013-03,TQQQ,TQQQ,MATCH
DM2_SXLU_T1_M_L2502,シン青龍-激攻,2013-04,TQQQ,TQQQ,MATCH
DM2_SXLU_T1_M_L2502,シン青龍-激攻,2013-05,TQQQ,TQQQ,MATCH
DM2_SXLU_T1_M_L2502,シン青龍-激攻,2013-06,TQQQ,TQQQ,MATCH
DM2_SXLU_T1_M_L2502,シン青龍-激攻,2013-07,XLU,TQQQ,MISMATCH
DM2_SXLU_T1_M_L2502,シン青龍-激攻,2013-08,XLU,XLU,MATCH
DM2_SXLU_T1_M_L2502,シン青龍-激攻,2013-09,XLU,XLU,MATCH
DM2_SXLU_T1_M_L2502,シン青龍-激攻,2013-10,XLU,XLU,MATCH
DM2_SXLU_T1_M_L2502,シン青龍-激攻,2013-11,XLU,XLU,MATCH
DM2_SXLU_T1_M_L2502,シン青龍-激攻,2013-12,XLU,XLU,MATCH
DM2_SXLU_T1_M_L2502,シン青龍-激攻,2014-01,TQQQ,TQQQ,MATCH
DM2_SXLU_T1_M_L2502,シン青龍-激攻,2014-02,TQQQ,TQQQ,MATCH
DM2_SXLU_T1_M_L2502,シン青龍-激攻,2014-03,TQQQ,TQQQ,MATCH
DM2_SXLU_T1_M_L2502,シン青龍-激攻,2014-04,XLU,XLU,MATCH
DM2_SXLU_T1_M_L2502,シン青龍-激攻,2014-05,TQQQ,TQQQ,MATCH
DM2_SXLU_T1_M_L2502,シン青龍-激攻,2014-06,TQQQ,TQQQ,MATCH
DM2_SXLU_T1_M_L2502,シン青龍-激攻,2014-07,TQQQ,TQQQ,MATCH
DM2_SXLU_T1_M_L2502,シン青龍-激攻,2014-08,TECL,TECL,MATCH
DM2_SXLU_T1_M_L2502,シン青龍-激攻,2014-09,TQQQ,TECL,MISMATCH
DM2_SXLU_T1_M_L2502,シン青龍-激攻,2014-10,TQQQ,TQQQ,MATCH
DM2_SXLU_T1_M_L2502,シン青龍-激攻,2014-11,TQQQ,TQQQ,MATCH
DM2_SXLU_T1_M_L2502,シン青龍-激攻,2014-12,TQQQ,TQQQ,MATCH
DM2_SXLU_T1_M_L2502,シン青龍-激攻,2015-01,TQQQ,TQQQ,MATCH
DM2_SXLU_T1_M_L2502,シン青龍-激攻,2015-02,TQQQ,TQQQ,MATCH
DM2_SXLU_T1_M_L2502,シン青龍-激攻,2015-03,TQQQ,TQQQ,MATCH
DM2_SXLU_T1_M_L2502,シン青龍-激攻,2015-04,TQQQ,TQQQ,MATCH
DM2_SXLU_T1_M_L2502,シン青龍-激攻,2015-05,TQQQ,TQQQ,MATCH
DM2_SXLU_T1_M_L2502,シン青龍-激攻,2015-06,TQQQ,TQQQ,MATCH
DM2_SXLU_T1_M_L2502,シン青龍-激攻,2015-07,XLU,XLU,MATCH
DM2_SXLU_T1_M_L2502,シン青龍-激攻,2015-08,XLU,XLU,MATCH
DM2_SXLU_T1_M_L2502,シン青龍-激攻,2015-09,XLU,XLU,MATCH
DM2_SXLU_T1_M_L2502,シン青龍-激攻,2015-10,TQQQ,TQQQ,MATCH
DM2_SXLU_T1_M_L2502,シン青龍-激攻,2015-11,TQQQ,TQQQ,MATCH
DM2_SXLU_T1_M_L2502,シン青龍-激攻,2015-12,TQQQ,TQQQ,MATCH
DM2_SXLU_T1_M_L2502,シン青龍-激攻,2016-01,XLU,XLU,MATCH
DM2_SXLU_T1_M_L2502,シン青龍-激攻,2016-02,XLU,XLU,MATCH
DM2_SXLU_T1_M_L2502,シン青龍-激攻,2016-03,XLU,XLU,MATCH
DM2_SXLU_T1_M_L2502,シン青龍-激攻,2016-04,TECL,TECL,MATCH
DM2_SXLU_T1_M_L2502,シン青龍-激攻,2016-05,TECL,TECL,MATCH
DM2_SXLU_T1_M_L2502,シン青龍-激攻,2016-06,TECL,TECL,MATCH
DM2_SXLU_T1_M_L2502,シン青龍-激攻,2016-07,TECL,TECL,MATCH
DM2_SXLU_T1_M_L2502,シン青龍-激攻,2016-08,TECL,TECL,MATCH
DM2_SXLU_T1_M_L2502,シン青龍-激攻,2016-09,TECL,TECL,MATCH
DM2_SXLU_T1_M_L2502,シン青龍-激攻,2016-10,TECL,TECL,MATCH
DM2_SXLU_T1_M_L2502,シン青龍-激攻,2016-11,TECL,TECL,MATCH
DM2_SXLU_T1_M_L2502,シン青龍-激攻,2016-12,TECL,TECL,MATCH
DM2_SXLU_T1_M_L2502,シン青龍-激攻,2017-01,TECL,TECL,MATCH
DM2_SXLU_T1_M_L2502,シン青龍-激攻,2017-02,TECL,TECL,MATCH
DM2_SXLU_T1_M_L2502,シン青龍-激攻,2017-03,TQQQ,TQQQ,MATCH
DM2_SXLU_T1_M_L2502,シン青龍-激攻,2017-04,TECL,TECL,MATCH
DM2_SXLU_T1_M_L2502,シン青龍-激攻,2017-05,TQQQ,TECL,MISMATCH
DM2_SXLU_T1_M_L2502,シン青龍-激攻,2017-06,TQQQ,TQQQ,MATCH
DM2_SXLU_T1_M_L2502,シン青龍-激攻,2017-07,TQQQ,TQQQ,MATCH
DM2_SXLU_T1_M_L2502,シン青龍-激攻,2017-08,TQQQ,TQQQ,MATCH
DM2_SXLU_T1_M_L2502,シン青龍-激攻,2017-09,TECL,TECL,MATCH
DM2_SXLU_T1_M_L2502,シン青龍-激攻,2017-10,TECL,TECL,MATCH
DM2_SXLU_T1_M_L2502,シン青龍-激攻,2017-11,TECL,TECL,MATCH
DM2_SXLU_T1_M_L2502,シン青龍-激攻,2017-12,TECL,TECL,MATCH
DM2_SXLU_T1_M_L2502,シン青龍-激攻,2018-01,TECL,TECL,MATCH
DM2_SXLU_T1_M_L2502,シン青龍-激攻,2018-02,TECL,TECL,MATCH
DM2_SXLU_T1_M_L2502,シン青龍-激攻,2018-03,XLU,XLU,MATCH
DM2_SXLU_T1_M_L2502,シン青龍-激攻,2018-04,XLU,XLU,MATCH
DM2_SXLU_T1_M_L2502,シン青龍-激攻,2018-05,XLU,XLU,MATCH
DM2_SXLU_T1_M_L2502,シン青龍-激攻,2018-06,XLU,XLU,MATCH
DM2_SXLU_T1_M_L2502,シン青龍-激攻,2018-07,XLU,XLU,MATCH
DM2_SXLU_T1_M_L2502,シン青龍-激攻,2018-08,XLU,XLU,MATCH
DM2_SXLU_T1_M_L2502,シン青龍-激攻,2018-09,XLU,XLU,MATCH
DM2_SXLU_T1_M_L2502,シン青龍-激攻,2018-10,XLU,XLU,MATCH
DM2_SXLU_T1_M_L2502,シン青龍-激攻,2018-11,XLU,XLU,MATCH
DM2_SXLU_T1_M_L2502,シン青龍-激攻,2018-12,XLU,XLU,MATCH
DM2_SXLU_T1_M_L2502,シン青龍-激攻,2019-01,XLU,XLU,MATCH
DM2_SXLU_T1_M_L2502,シン青龍-激攻,2019-02,TQQQ,TQQQ,MATCH
DM2_SXLU_T1_M_L2502,シン青龍-激攻,2019-03,TECL,TECL,MATCH
DM2_SXLU_T1_M_L2502,シン青龍-激攻,2019-04,TECL,TECL,MATCH
DM2_SXLU_T1_M_L2502,シン青龍-激攻,2019-05,TECL,TECL,MATCH
DM2_SXLU_T1_M_L2502,シン青龍-激攻,2019-06,TECL,TECL,MATCH
DM2_SXLU_T1_M_L2502,シン青龍-激攻,2019-07,TECL,TECL,MATCH
DM2_SXLU_T1_M_L2502,シン青龍-激攻,2019-08,TECL,TECL,MATCH
DM2_SXLU_T1_M_L2502,シン青龍-激攻,2019-09,TECL,TECL,MATCH
DM2_SXLU_T1_M_L2502,シン青龍-激攻,2019-10,TECL,TECL,MATCH
DM2_SXLU_T1_M_L2502,シン青龍-激攻,2019-11,TECL,TECL,MATCH
DM2_SXLU_T1_M_L2502,シン青龍-激攻,2019-12,TECL,TECL,MATCH
DM2_SXLU_T1_M_L2502,シン青龍-激攻,2020-01,TECL,TECL,MATCH
DM2_SXLU_T1_M_L2502,シン青龍-激攻,2020-02,TECL,TECL,MATCH
DM2_SXLU_T1_M_L2502,シン青龍-激攻,2020-03,TECL,TECL,MATCH
DM2_SXLU_T1_M_L2502,シン青龍-激攻,2020-04,TQQQ,TQQQ,MATCH
DM2_SXLU_T1_M_L2502,シン青龍-激攻,2020-05,TQQQ,TQQQ,MATCH
DM2_SXLU_T1_M_L2502,シン青龍-激攻,2020-06,TQQQ,TQQQ,MATCH
DM2_SXLU_T1_M_L2502,シン青龍-激攻,2020-07,TQQQ,TQQQ,MATCH
DM2_SXLU_T1_M_L2502,シン青龍-激攻,2020-08,TQQQ,TQQQ,MATCH
DM2_SXLU_T1_M_L2502,シン青龍-激攻,2020-09,TQQQ,TQQQ,MATCH
DM2_SXLU_T1_M_L2502,シン青龍-激攻,2020-10,TQQQ,TQQQ,MATCH
DM2_SXLU_T1_M_L2502,シン青龍-激攻,2020-11,TQQQ,TQQQ,MATCH
DM2_SXLU_T1_M_L2502,シン青龍-激攻,2020-12,TQQQ,TQQQ,MATCH
DM2_SXLU_T1_M_L2502,シン青龍-激攻,2021-01,TQQQ,TQQQ,MATCH
DM2_SXLU_T1_M_L2502,シン青龍-激攻,2021-02,TQQQ,TQQQ,MATCH
DM2_SXLU_T1_M_L2502,シン青龍-激攻,2021-03,TQQQ,TQQQ,MATCH
DM2_SXLU_T1_M_L2502,シン青龍-激攻,2021-04,TQQQ,TQQQ,MATCH
DM2_SXLU_T1_M_L2502,シン青龍-激攻,2021-05,TQQQ,TQQQ,MATCH
DM2_SXLU_T1_M_L2502,シン青龍-激攻,2021-06,XLU,TQQQ,MISMATCH
DM2_SXLU_T1_M_L2502,シン青龍-激攻,2021-07,TECL,TECL,MATCH
DM2_SXLU_T1_M_L2502,シン青龍-激攻,2021-08,TECL,TECL,MATCH
DM2_SXLU_T1_M_L2502,シン青龍-激攻,2021-09,TQQQ,TQQQ,MATCH
DM2_SXLU_T1_M_L2502,シン青龍-激攻,2021-10,TECL,TECL,MATCH
DM2_SXLU_T1_M_L2502,シン青龍-激攻,2021-11,XLU,TECL,MISMATCH
DM2_SXLU_T1_M_L2502,シン青龍-激攻,2021-12,XLU,XLU,MATCH
DM2_SXLU_T1_M_L2502,シン青龍-激攻,2022-01,XLU,XLU,MATCH
DM2_SXLU_T1_M_L2502,シン青龍-激攻,2022-02,XLU,XLU,MATCH
DM2_SXLU_T1_M_L2502,シン青龍-激攻,2022-03,XLU,XLU,MATCH
DM2_SXLU_T1_M_L2502,シン青龍-激攻,2022-04,XLU,XLU,MATCH
DM2_SXLU_T1_M_L2502,シン青龍-激攻,2022-05,XLU,XLU,MATCH
DM2_SXLU_T1_M_L2502,シン青龍-激攻,2022-06,XLU,XLU,MATCH
DM2_SXLU_T1_M_L2502,シン青龍-激攻,2022-07,XLU,XLU,MATCH
DM2_SXLU_T1_M_L2502,シン青龍-激攻,2022-08,XLU,XLU,MATCH
DM2_SXLU_T1_M_L2502,シン青龍-激攻,2022-09,XLU,XLU,MATCH
DM2_SXLU_T1_M_L2502,シン青龍-激攻,2022-10,XLU,XLU,MATCH
DM2_SXLU_T1_M_L2502,シン青龍-激攻,2022-11,XLU,XLU,MATCH
DM2_SXLU_T1_M_L2502,シン青龍-激攻,2022-12,XLU,XLU,MATCH
DM2_SXLU_T1_M_L2502,シン青龍-激攻,2023-01,XLU,XLU,MATCH
DM2_SXLU_T1_M_L2502,シン青龍-激攻,2023-02,XLU,XLU,MATCH
DM2_SXLU_T1_M_L2502,シン青龍-激攻,2023-03,XLU,XLU,MATCH
DM2_SXLU_T1_M_L2502,シン青龍-激攻,2023-04,TECL,TECL,MATCH
DM2_SXLU_T1_M_L2502,シン青龍-激攻,2023-05,XLU,TECL,MISMATCH
DM2_SXLU_T1_M_L2502,シン青龍-激攻,2023-06,XLU,XLU,MATCH
DM2_SXLU_T1_M_L2502,シン青龍-激攻,2023-07,XLU,XLU,MATCH
DM2_SXLU_T1_M_L2502,シン青龍-激攻,2023-08,XLU,XLU,MATCH
DM2_SXLU_T1_M_L2502,シン青龍-激攻,2023-09,TECL,TECL,MATCH
DM2_SXLU_T1_M_L2502,シン青龍-激攻,2023-10,XLU,TECL,MISMATCH
DM2_SXLU_T1_M_L2502,シン青龍-激攻,2023-11,XLU,XLU,MATCH
DM2_SXLU_T1_M_L2502,シン青龍-激攻,2023-12,TECL,TECL,MATCH
DM2_SXLU_T1_M_L2502,シン青龍-激攻,2024-01,TECL,TECL,MATCH
DM2_SXLU_T1_M_L2502,シン青龍-激攻,2024-02,TECL,TECL,MATCH
DM2_SXLU_T1_M_L2502,シン青龍-激攻,2024-03,XLU,XLU,MATCH
DM2_SXLU_T1_M_L2502,シン青龍-激攻,2024-04,TECL,XLU,MISMATCH
DM2_SXLU_T1_M_L2502,シン青龍-激攻,2024-05,XLU,XLU,MATCH
DM2_SXLU_T1_M_L2502,シン青龍-激攻,2024-06,XLU,XLU,MATCH
DM2_SXLU_T1_M_L2502,シン青龍-激攻,2024-07,XLU,XLU,MATCH
DM2_SXLU_T1_M_L2502,シン青龍-激攻,2024-08,TQQQ,TQQQ,MATCH
DM2_SXLU_T1_M_L2502,シン青龍-激攻,2024-09,TQQQ,TQQQ,MATCH
DM2_SXLU_T1_M_L2502,シン青龍-激攻,2024-10,TQQQ,TQQQ,MATCH
DM2_SXLU_T1_M_L2502,シン青龍-激攻,2024-11,TQQQ,TQQQ,MATCH
DM2_SXLU_T1_M_L2502,シン青龍-激攻,2024-12,TQQQ,TQQQ,MATCH
DM2_SXLU_T1_M_L2502,シン青龍-激攻,2025-01,XLU,XLU,MATCH
DM2_SXLU_T1_M_L2502,シン青龍-激攻,2025-02,XLU,XLU,MATCH
DM2_SXLU_T1_M_L2502,シン青龍-激攻,2025-03,XLU,XLU,MATCH
DM2_SXLU_T1_M_L2502,シン青龍-激攻,2025-04,TQQQ,TQQQ,MATCH
DM2_SXLU_T1_M_L2502,シン青龍-激攻,2025-05,TQQQ,TQQQ,MATCH
DM2_SXLU_T1_M_L2502,シン青龍-激攻,2025-06,TQQQ,TQQQ,MATCH
DM2_SXLU_T1_M_L2502,シン青龍-激攻,2025-07,TQQQ,TQQQ,MATCH
DM2_SXLU_T1_M_L2502,シン青龍-激攻,2025-08,XLU,XLU,MATCH
DM2_SXLU_T1_M_L2502,シン青龍-激攻,2025-09,XLU,XLU,MATCH
DM2_SXLU_T1_M_L2502,シン青龍-激攻,2025-10,TECL,TECL,MATCH
DM2_SXLU_T1_M_L2502,シン青龍-激攻,2025-11,TECL,TECL,MATCH
DM2_SXLU_T1_M_L2502,シン青龍-激攻,2025-12,TQQQ,TECL,MISMATCH
DM2_SXLU_T1_M_L2502,シン青龍-激攻,2026-01,TECL,TECL,MATCH
DM2_SXLU_T2_M_L2502,シン青龍-常勝,2012-03,"TECL,TQQQ","TQQQ,TECL",MATCH
DM2_SXLU_T2_M_L2502,シン青龍-常勝,2012-04,"TECL,TQQQ","TQQQ,TECL",MATCH
DM2_SXLU_T2_M_L2502,シン青龍-常勝,2012-05,"TECL,TQQQ","TQQQ,TECL",MATCH
DM2_SXLU_T2_M_L2502,シン青龍-常勝,2012-06,"TECL,TQQQ","TQQQ,TECL",MATCH
DM2_SXLU_T2_M_L2502,シン青龍-常勝,2012-07,"TECL,TQQQ","TQQQ,TECL",MATCH
DM2_SXLU_T2_M_L2502,シン青龍-常勝,2012-08,"TECL,TQQQ","TQQQ,TECL",MATCH
DM2_SXLU_T2_M_L2502,シン青龍-常勝,2012-09,"TECL,TQQQ","TQQQ,TECL",MATCH
DM2_SXLU_T2_M_L2502,シン青龍-常勝,2012-10,"TECL,TQQQ","TQQQ,TECL",MATCH
DM2_SXLU_T2_M_L2502,シン青龍-常勝,2012-11,"TECL,TQQQ","TQQQ,TECL",MATCH
DM2_SXLU_T2_M_L2502,シン青龍-常勝,2012-12,"TECL,TQQQ","TQQQ,TECL",MATCH
DM2_SXLU_T2_M_L2502,シン青龍-常勝,2013-01,"TECL,TQQQ","TQQQ,TECL",MATCH
DM2_SXLU_T2_M_L2502,シン青龍-常勝,2013-02,"TECL,TQQQ","TQQQ,TECL",MATCH
DM2_SXLU_T2_M_L2502,シン青龍-常勝,2013-03,"TECL,TQQQ","TQQQ,TECL",MATCH
DM2_SXLU_T2_M_L2502,シン青龍-常勝,2013-04,"TECL,TQQQ","TQQQ,TECL",MATCH
DM2_SXLU_T2_M_L2502,シン青龍-常勝,2013-05,"TECL,TQQQ","TQQQ,TECL",MATCH
DM2_SXLU_T2_M_L2502,シン青龍-常勝,2013-06,"TECL,TQQQ","TQQQ,TECL",MATCH
DM2_SXLU_T2_M_L2502,シン青龍-常勝,2013-07,XLU,"TQQQ,TECL",MISMATCH
DM2_SXLU_T2_M_L2502,シン青龍-常勝,2013-08,XLU,XLU,MATCH
DM2_SXLU_T2_M_L2502,シン青龍-常勝,2013-09,XLU,XLU,MATCH
DM2_SXLU_T2_M_L2502,シン青龍-常勝,2013-10,XLU,XLU,MATCH
DM2_SXLU_T2_M_L2502,シン青龍-常勝,2013-11,XLU,XLU,MATCH
DM2_SXLU_T2_M_L2502,シン青龍-常勝,2013-12,XLU,XLU,MATCH
DM2_SXLU_T2_M_L2502,シン青龍-常勝,2014-01,"TECL,TQQQ","TQQQ,TECL",MATCH
DM2_SXLU_T2_M_L2502,シン青龍-常勝,2014-02,"TECL,TQQQ","TQQQ,TECL",MATCH
DM2_SXLU_T2_M_L2502,シン青龍-常勝,2014-03,"TECL,TQQQ","TQQQ,TECL",MATCH
DM2_SXLU_T2_M_L2502,シン青龍-常勝,2014-04,XLU,XLU,MATCH
DM2_SXLU_T2_M_L2502,シン青龍-常勝,2014-05,"TECL,TQQQ","TQQQ,TECL",MATCH
DM2_SXLU_T2_M_L2502,シン青龍-常勝,2014-06,"TECL,TQQQ","TQQQ,TECL",MATCH
DM2_SXLU_T2_M_L2502,シン青龍-常勝,2014-07,"TECL,TQQQ","TQQQ,TECL",MATCH
DM2_SXLU_T2_M_L2502,シン青龍-常勝,2014-08,"TECL,TQQQ","TQQQ,TECL",MATCH
DM2_SXLU_T2_M_L2502,シン青龍-常勝,2014-09,"TECL,TQQQ","TQQQ,TECL",MATCH
DM2_SXLU_T2_M_L2502,シン青龍-常勝,2014-10,"TECL,TQQQ","TQQQ,TECL",MATCH
DM2_SXLU_T2_M_L2502,シン青龍-常勝,2014-11,"TECL,TQQQ","TQQQ,TECL",MATCH
DM2_SXLU_T2_M_L2502,シン青龍-常勝,2014-12,"TECL,TQQQ","TQQQ,TECL",MATCH
DM2_SXLU_T2_M_L2502,シン青龍-常勝,2015-01,"TECL,TQQQ","TQQQ,TECL",MATCH
DM2_SXLU_T2_M_L2502,シン青龍-常勝,2015-02,"TECL,TQQQ","TQQQ,TECL",MATCH
DM2_SXLU_T2_M_L2502,シン青龍-常勝,2015-03,"TECL,TQQQ","TQQQ,TECL",MATCH
DM2_SXLU_T2_M_L2502,シン青龍-常勝,2015-04,"TECL,TQQQ","TQQQ,TECL",MATCH
DM2_SXLU_T2_M_L2502,シン青龍-常勝,2015-05,"TECL,TQQQ","TQQQ,TECL",MATCH
DM2_SXLU_T2_M_L2502,シン青龍-常勝,2015-06,"TECL,TQQQ","TQQQ,TECL",MATCH
DM2_SXLU_T2_M_L2502,シン青龍-常勝,2015-07,XLU,XLU,MATCH
DM2_SXLU_T2_M_L2502,シン青龍-常勝,2015-08,XLU,XLU,MATCH
DM2_SXLU_T2_M_L2502,シン青龍-常勝,2015-09,XLU,XLU,MATCH
DM2_SXLU_T2_M_L2502,シン青龍-常勝,2015-10,"TECL,TQQQ","TQQQ,TECL",MATCH
DM2_SXLU_T2_M_L2502,シン青龍-常勝,2015-11,"TECL,TQQQ","TQQQ,TECL",MATCH
DM2_SXLU_T2_M_L2502,シン青龍-常勝,2015-12,"TECL,TQQQ","TQQQ,TECL",MATCH
DM2_SXLU_T2_M_L2502,シン青龍-常勝,2016-01,XLU,XLU,MATCH
DM2_SXLU_T2_M_L2502,シン青龍-常勝,2016-02,XLU,XLU,MATCH
DM2_SXLU_T2_M_L2502,シン青龍-常勝,2016-03,XLU,XLU,MATCH
DM2_SXLU_T2_M_L2502,シン青龍-常勝,2016-04,"TECL,TQQQ","TQQQ,TECL",MATCH
DM2_SXLU_T2_M_L2502,シン青龍-常勝,2016-05,"TECL,TQQQ","TQQQ,TECL",MATCH
DM2_SXLU_T2_M_L2502,シン青龍-常勝,2016-06,"TECL,TQQQ","TQQQ,TECL",MATCH
DM2_SXLU_T2_M_L2502,シン青龍-常勝,2016-07,"TECL,TQQQ","TQQQ,TECL",MATCH
DM2_SXLU_T2_M_L2502,シン青龍-常勝,2016-08,"TECL,TQQQ","TQQQ,TECL",MATCH
DM2_SXLU_T2_M_L2502,シン青龍-常勝,2016-09,"TECL,TQQQ","TQQQ,TECL",MATCH
DM2_SXLU_T2_M_L2502,シン青龍-常勝,2016-10,"TECL,TQQQ","TQQQ,TECL",MATCH
DM2_SXLU_T2_M_L2502,シン青龍-常勝,2016-11,"TECL,TQQQ","TQQQ,TECL",MATCH
DM2_SXLU_T2_M_L2502,シン青龍-常勝,2016-12,"TECL,TQQQ","TQQQ,TECL",MATCH
DM2_SXLU_T2_M_L2502,シン青龍-常勝,2017-01,"TECL,TQQQ","TQQQ,TECL",MATCH
DM2_SXLU_T2_M_L2502,シン青龍-常勝,2017-02,"TECL,TQQQ","TQQQ,TECL",MATCH
DM2_SXLU_T2_M_L2502,シン青龍-常勝,2017-03,"TECL,TQQQ","TQQQ,TECL",MATCH
DM2_SXLU_T2_M_L2502,シン青龍-常勝,2017-04,"TECL,TQQQ","TQQQ,TECL",MATCH
DM2_SXLU_T2_M_L2502,シン青龍-常勝,2017-05,"TECL,TQQQ","TQQQ,TECL",MATCH
DM2_SXLU_T2_M_L2502,シン青龍-常勝,2017-06,"TECL,TQQQ","TQQQ,TECL",MATCH
DM2_SXLU_T2_M_L2502,シン青龍-常勝,2017-07,"TECL,TQQQ","TQQQ,TECL",MATCH
DM2_SXLU_T2_M_L2502,シン青龍-常勝,2017-08,"TECL,TQQQ","TQQQ,TECL",MATCH
DM2_SXLU_T2_M_L2502,シン青龍-常勝,2017-09,"TECL,TQQQ","TQQQ,TECL",MATCH
DM2_SXLU_T2_M_L2502,シン青龍-常勝,2017-10,"TECL,TQQQ","TQQQ,TECL",MATCH
DM2_SXLU_T2_M_L2502,シン青龍-常勝,2017-11,"TECL,TQQQ","TQQQ,TECL",MATCH
DM2_SXLU_T2_M_L2502,シン青龍-常勝,2017-12,"TECL,TQQQ","TQQQ,TECL",MATCH
DM2_SXLU_T2_M_L2502,シン青龍-常勝,2018-01,"TECL,TQQQ","TQQQ,TECL",MATCH
DM2_SXLU_T2_M_L2502,シン青龍-常勝,2018-02,"TECL,TQQQ","TQQQ,TECL",MATCH
DM2_SXLU_T2_M_L2502,シン青龍-常勝,2018-03,XLU,XLU,MATCH
DM2_SXLU_T2_M_L2502,シン青龍-常勝,2018-04,XLU,XLU,MATCH
DM2_SXLU_T2_M_L2502,シン青龍-常勝,2018-05,XLU,XLU,MATCH
DM2_SXLU_T2_M_L2502,シン青龍-常勝,2018-06,XLU,XLU,MATCH
DM2_SXLU_T2_M_L2502,シン青龍-常勝,2018-07,XLU,XLU,MATCH
DM2_SXLU_T2_M_L2502,シン青龍-常勝,2018-08,XLU,XLU,MATCH
DM2_SXLU_T2_M_L2502,シン青龍-常勝,2018-09,XLU,XLU,MATCH
DM2_SXLU_T2_M_L2502,シン青龍-常勝,2018-10,XLU,XLU,MATCH
DM2_SXLU_T2_M_L2502,シン青龍-常勝,2018-11,XLU,XLU,MATCH
DM2_SXLU_T2_M_L2502,シン青龍-常勝,2018-12,XLU,XLU,MATCH
DM2_SXLU_T2_M_L2502,シン青龍-常勝,2019-01,XLU,XLU,MATCH
DM2_SXLU_T2_M_L2502,シン青龍-常勝,2019-02,"TECL,TQQQ","TQQQ,TECL",MATCH
DM2_SXLU_T2_M_L2502,シン青龍-常勝,2019-03,"TECL,TQQQ","TQQQ,TECL",MATCH
DM2_SXLU_T2_M_L2502,シン青龍-常勝,2019-04,"TECL,TQQQ","TQQQ,TECL",MATCH
DM2_SXLU_T2_M_L2502,シン青龍-常勝,2019-05,"TECL,TQQQ","TQQQ,TECL",MATCH
DM2_SXLU_T2_M_L2502,シン青龍-常勝,2019-06,"TECL,TQQQ","TQQQ,TECL",MATCH
DM2_SXLU_T2_M_L2502,シン青龍-常勝,2019-07,"TECL,TQQQ","TQQQ,TECL",MATCH
DM2_SXLU_T2_M_L2502,シン青龍-常勝,2019-08,"TECL,TQQQ","TQQQ,TECL",MATCH
DM2_SXLU_T2_M_L2502,シン青龍-常勝,2019-09,"TECL,TQQQ","TQQQ,TECL",MATCH
DM2_SXLU_T2_M_L2502,シン青龍-常勝,2019-10,"TECL,TQQQ","TQQQ,TECL",MATCH
DM2_SXLU_T2_M_L2502,シン青龍-常勝,2019-11,"TECL,TQQQ","TQQQ,TECL",MATCH
DM2_SXLU_T2_M_L2502,シン青龍-常勝,2019-12,"TECL,TQQQ","TQQQ,TECL",MATCH
DM2_SXLU_T2_M_L2502,シン青龍-常勝,2020-01,"TECL,TQQQ","TQQQ,TECL",MATCH
DM2_SXLU_T2_M_L2502,シン青龍-常勝,2020-02,"TECL,TQQQ","TQQQ,TECL",MATCH
DM2_SXLU_T2_M_L2502,シン青龍-常勝,2020-03,"TECL,TQQQ","TQQQ,TECL",MATCH
DM2_SXLU_T2_M_L2502,シン青龍-常勝,2020-04,"TECL,TQQQ","TQQQ,TECL",MATCH
DM2_SXLU_T2_M_L2502,シン青龍-常勝,2020-05,"TECL,TQQQ","TQQQ,TECL",MATCH
DM2_SXLU_T2_M_L2502,シン青龍-常勝,2020-06,"TECL,TQQQ","TQQQ,TECL",MATCH
DM2_SXLU_T2_M_L2502,シン青龍-常勝,2020-07,"TECL,TQQQ","TQQQ,TECL",MATCH
DM2_SXLU_T2_M_L2502,シン青龍-常勝,2020-08,"TECL,TQQQ","TQQQ,TECL",MATCH
DM2_SXLU_T2_M_L2502,シン青龍-常勝,2020-09,"TECL,TQQQ","TQQQ,TECL",MATCH
DM2_SXLU_T2_M_L2502,シン青龍-常勝,2020-10,"TECL,TQQQ","TQQQ,TECL",MATCH
DM2_SXLU_T2_M_L2502,シン青龍-常勝,2020-11,"TECL,TQQQ","TQQQ,TECL",MATCH
DM2_SXLU_T2_M_L2502,シン青龍-常勝,2020-12,"TECL,TQQQ","TQQQ,TECL",MATCH
DM2_SXLU_T2_M_L2502,シン青龍-常勝,2021-01,"TECL,TQQQ","TQQQ,TECL",MATCH
DM2_SXLU_T2_M_L2502,シン青龍-常勝,2021-02,"TECL,TQQQ","TQQQ,TECL",MATCH
DM2_SXLU_T2_M_L2502,シン青龍-常勝,2021-03,"TECL,TQQQ","TQQQ,TECL",MATCH
DM2_SXLU_T2_M_L2502,シン青龍-常勝,2021-04,"TECL,TQQQ","TQQQ,TECL",MATCH
DM2_SXLU_T2_M_L2502,シン青龍-常勝,2021-05,"TECL,TQQQ","TQQQ,TECL",MATCH
DM2_SXLU_T2_M_L2502,シン青龍-常勝,2021-06,XLU,"TQQQ,TECL",MISMATCH
DM2_SXLU_T2_M_L2502,シン青龍-常勝,2021-07,"TECL,TQQQ","TQQQ,TECL",MATCH
DM2_SXLU_T2_M_L2502,シン青龍-常勝,2021-08,"TECL,TQQQ","TQQQ,TECL",MATCH
DM2_SXLU_T2_M_L2502,シン青龍-常勝,2021-09,"TECL,TQQQ","TQQQ,TECL",MATCH
DM2_SXLU_T2_M_L2502,シン青龍-常勝,2021-10,"TECL,TQQQ","TQQQ,TECL",MATCH
DM2_SXLU_T2_M_L2502,シン青龍-常勝,2021-11,XLU,"TQQQ,TECL",MISMATCH
DM2_SXLU_T2_M_L2502,シン青龍-常勝,2021-12,XLU,XLU,MATCH
DM2_SXLU_T2_M_L2502,シン青龍-常勝,2022-01,XLU,XLU,MATCH
DM2_SXLU_T2_M_L2502,シン青龍-常勝,2022-02,XLU,XLU,MATCH
DM2_SXLU_T2_M_L2502,シン青龍-常勝,2022-03,XLU,XLU,MATCH
DM2_SXLU_T2_M_L2502,シン青龍-常勝,2022-04,XLU,XLU,MATCH
DM2_SXLU_T2_M_L2502,シン青龍-常勝,2022-05,XLU,XLU,MATCH
DM2_SXLU_T2_M_L2502,シン青龍-常勝,2022-06,XLU,XLU,MATCH
DM2_SXLU_T2_M_L2502,シン青龍-常勝,2022-07,XLU,XLU,MATCH
DM2_SXLU_T2_M_L2502,シン青龍-常勝,2022-08,XLU,XLU,MATCH
DM2_SXLU_T2_M_L2502,シン青龍-常勝,2022-09,XLU,XLU,MATCH
DM2_SXLU_T2_M_L2502,シン青龍-常勝,2022-10,XLU,XLU,MATCH
DM2_SXLU_T2_M_L2502,シン青龍-常勝,2022-11,XLU,XLU,MATCH
DM2_SXLU_T2_M_L2502,シン青龍-常勝,2022-12,XLU,XLU,MATCH
DM2_SXLU_T2_M_L2502,シン青龍-常勝,2023-01,XLU,XLU,MATCH
DM2_SXLU_T2_M_L2502,シン青龍-常勝,2023-02,XLU,XLU,MATCH
DM2_SXLU_T2_M_L2502,シン青龍-常勝,2023-03,XLU,XLU,MATCH
DM2_SXLU_T2_M_L2502,シン青龍-常勝,2023-04,"TECL,TQQQ","TQQQ,TECL",MATCH
DM2_SXLU_T2_M_L2502,シン青龍-常勝,2023-05,XLU,"TQQQ,TECL",MISMATCH
DM2_SXLU_T2_M_L2502,シン青龍-常勝,2023-06,XLU,XLU,MATCH
DM2_SXLU_T2_M_L2502,シン青龍-常勝,2023-07,XLU,XLU,MATCH
DM2_SXLU_T2_M_L2502,シン青龍-常勝,2023-08,XLU,XLU,MATCH
DM2_SXLU_T2_M_L2502,シン青龍-常勝,2023-09,"TECL,TQQQ","TQQQ,TECL",MATCH
DM2_SXLU_T2_M_L2502,シン青龍-常勝,2023-10,XLU,"TQQQ,TECL",MISMATCH
DM2_SXLU_T2_M_L2502,シン青龍-常勝,2023-11,XLU,XLU,MATCH
DM2_SXLU_T2_M_L2502,シン青龍-常勝,2023-12,"TECL,TQQQ","TQQQ,TECL",MATCH
DM2_SXLU_T2_M_L2502,シン青龍-常勝,2024-01,"TECL,TQQQ","TQQQ,TECL",MATCH
DM2_SXLU_T2_M_L2502,シン青龍-常勝,2024-02,"TECL,TQQQ","TQQQ,TECL",MATCH
DM2_SXLU_T2_M_L2502,シン青龍-常勝,2024-03,XLU,XLU,MATCH
DM2_SXLU_T2_M_L2502,シン青龍-常勝,2024-04,"TECL,TQQQ",XLU,MISMATCH
DM2_SXLU_T2_M_L2502,シン青龍-常勝,2024-05,XLU,XLU,MATCH
DM2_SXLU_T2_M_L2502,シン青龍-常勝,2024-06,XLU,XLU,MATCH
DM2_SXLU_T2_M_L2502,シン青龍-常勝,2024-07,XLU,XLU,MATCH
DM2_SXLU_T2_M_L2502,シン青龍-常勝,2024-08,"TECL,TQQQ","TQQQ,TECL",MATCH
DM2_SXLU_T2_M_L2502,シン青龍-常勝,2024-09,"TECL,TQQQ","TQQQ,TECL",MATCH
DM2_SXLU_T2_M_L2502,シン青龍-常勝,2024-10,"TECL,TQQQ","TQQQ,TECL",MATCH
DM2_SXLU_T2_M_L2502,シン青龍-常勝,2024-11,"TECL,TQQQ","TQQQ,TECL",MATCH
DM2_SXLU_T2_M_L2502,シン青龍-常勝,2024-12,"TECL,TQQQ","TQQQ,TECL",MATCH
DM2_SXLU_T2_M_L2502,シン青龍-常勝,2025-01,XLU,XLU,MATCH
DM2_SXLU_T2_M_L2502,シン青龍-常勝,2025-02,XLU,XLU,MATCH
DM2_SXLU_T2_M_L2502,シン青龍-常勝,2025-03,XLU,XLU,MATCH
DM2_SXLU_T2_M_L2502,シン青龍-常勝,2025-04,"TECL,TQQQ","TQQQ,TECL",MATCH
DM2_SXLU_T2_M_L2502,シン青龍-常勝,2025-05,"TECL,TQQQ","TQQQ,TECL",MATCH
DM2_SXLU_T2_M_L2502,シン青龍-常勝,2025-06,"TECL,TQQQ","TQQQ,TECL",MATCH
DM2_SXLU_T2_M_L2502,シン青龍-常勝,2025-07,"TECL,TQQQ","TQQQ,TECL",MATCH
DM2_SXLU_T2_M_L2502,シン青龍-常勝,2025-08,XLU,XLU,MATCH
DM2_SXLU_T2_M_L2502,シン青龍-常勝,2025-09,XLU,XLU,MATCH
DM2_SXLU_T2_M_L2502,シン青龍-常勝,2025-10,"TECL,TQQQ","TQQQ,TECL",MATCH
DM2_SXLU_T2_M_L2502,シン青龍-常勝,2025-11,"TECL,TQQQ","TQQQ,TECL",MATCH
DM2_SXLU_T2_M_L2502,シン青龍-常勝,2025-12,"TECL,TQQQ","TQQQ,TECL",MATCH
DM2_SXLU_T2_M_L2502,シン青龍-常勝,2026-01,"TECL,TQQQ","TQQQ,TECL",MATCH
DM2_SXLU_T2_M_L2754,シン青龍-鉄壁,2012-03,"TECL,TQQQ","TQQQ,TECL",MATCH
DM2_SXLU_T2_M_L2754,シン青龍-鉄壁,2012-04,"TECL,TQQQ","TQQQ,TECL",MATCH
DM2_SXLU_T2_M_L2754,シン青龍-鉄壁,2012-05,"TECL,TQQQ","TQQQ,TECL",MATCH
DM2_SXLU_T2_M_L2754,シン青龍-鉄壁,2012-06,"TECL,TQQQ","TQQQ,TECL",MATCH
DM2_SXLU_T2_M_L2754,シン青龍-鉄壁,2012-07,"TECL,TQQQ","TQQQ,TECL",MATCH
DM2_SXLU_T2_M_L2754,シン青龍-鉄壁,2012-08,"TECL,TQQQ","TQQQ,TECL",MATCH
DM2_SXLU_T2_M_L2754,シン青龍-鉄壁,2012-09,"TECL,TQQQ","TQQQ,TECL",MATCH
DM2_SXLU_T2_M_L2754,シン青龍-鉄壁,2012-10,"TECL,TQQQ","TQQQ,TECL",MATCH
DM2_SXLU_T2_M_L2754,シン青龍-鉄壁,2012-11,"TECL,TQQQ","TQQQ,TECL",MATCH
DM2_SXLU_T2_M_L2754,シン青龍-鉄壁,2012-12,"TECL,TQQQ","TQQQ,TECL",MATCH
DM2_SXLU_T2_M_L2754,シン青龍-鉄壁,2013-01,"TECL,TQQQ","TQQQ,TECL",MATCH
DM2_SXLU_T2_M_L2754,シン青龍-鉄壁,2013-02,"TECL,TQQQ","TQQQ,TECL",MATCH
DM2_SXLU_T2_M_L2754,シン青龍-鉄壁,2013-03,"TECL,TQQQ","TQQQ,TECL",MATCH
DM2_SXLU_T2_M_L2754,シン青龍-鉄壁,2013-04,"TECL,TQQQ","TQQQ,TECL",MATCH
DM2_SXLU_T2_M_L2754,シン青龍-鉄壁,2013-05,"TECL,TQQQ","TQQQ,TECL",MATCH
DM2_SXLU_T2_M_L2754,シン青龍-鉄壁,2013-06,"TECL,TQQQ","TQQQ,TECL",MATCH
DM2_SXLU_T2_M_L2754,シン青龍-鉄壁,2013-07,XLU,"TQQQ,TECL",MISMATCH
DM2_SXLU_T2_M_L2754,シン青龍-鉄壁,2013-08,XLU,XLU,MATCH
DM2_SXLU_T2_M_L2754,シン青龍-鉄壁,2013-09,XLU,XLU,MATCH
DM2_SXLU_T2_M_L2754,シン青龍-鉄壁,2013-10,XLU,XLU,MATCH
DM2_SXLU_T2_M_L2754,シン青龍-鉄壁,2013-11,XLU,XLU,MATCH
DM2_SXLU_T2_M_L2754,シン青龍-鉄壁,2013-12,XLU,XLU,MATCH
DM2_SXLU_T2_M_L2754,シン青龍-鉄壁,2014-01,XLU,XLU,MATCH
DM2_SXLU_T2_M_L2754,シン青龍-鉄壁,2014-02,"TECL,TQQQ","TQQQ,TECL",MATCH
DM2_SXLU_T2_M_L2754,シン青龍-鉄壁,2014-03,"TECL,TQQQ","TQQQ,TECL",MATCH
DM2_SXLU_T2_M_L2754,シン青龍-鉄壁,2014-04,"TECL,TQQQ","TQQQ,TECL",MATCH
DM2_SXLU_T2_M_L2754,シン青龍-鉄壁,2014-05,"TECL,TQQQ","TQQQ,TECL",MATCH
DM2_SXLU_T2_M_L2754,シン青龍-鉄壁,2014-06,"TECL,TQQQ","TQQQ,TECL",MATCH
DM2_SXLU_T2_M_L2754,シン青龍-鉄壁,2014-07,"TECL,TQQQ","TQQQ,TECL",MATCH
DM2_SXLU_T2_M_L2754,シン青龍-鉄壁,2014-08,"TECL,TQQQ","TQQQ,TECL",MATCH
DM2_SXLU_T2_M_L2754,シン青龍-鉄壁,2014-09,"TECL,TQQQ","TQQQ,TECL",MATCH
DM2_SXLU_T2_M_L2754,シン青龍-鉄壁,2014-10,"TECL,TQQQ","TQQQ,TECL",MATCH
DM2_SXLU_T2_M_L2754,シン青龍-鉄壁,2014-11,"TECL,TQQQ","TQQQ,TECL",MATCH
DM2_SXLU_T2_M_L2754,シン青龍-鉄壁,2014-12,"TECL,TQQQ","TQQQ,TECL",MATCH
DM2_SXLU_T2_M_L2754,シン青龍-鉄壁,2015-01,"TECL,TQQQ","TQQQ,TECL",MATCH
DM2_SXLU_T2_M_L2754,シン青龍-鉄壁,2015-02,"TECL,TQQQ","TQQQ,TECL",MATCH
DM2_SXLU_T2_M_L2754,シン青龍-鉄壁,2015-03,"TECL,TQQQ","TQQQ,TECL",MATCH
DM2_SXLU_T2_M_L2754,シン青龍-鉄壁,2015-04,"TECL,TQQQ","TQQQ,TECL",MATCH
DM2_SXLU_T2_M_L2754,シン青龍-鉄壁,2015-05,"TECL,TQQQ","TQQQ,TECL",MATCH
DM2_SXLU_T2_M_L2754,シン青龍-鉄壁,2015-06,"TECL,TQQQ","TQQQ,TECL",MATCH
DM2_SXLU_T2_M_L2754,シン青龍-鉄壁,2015-07,XLU,XLU,MATCH
DM2_SXLU_T2_M_L2754,シン青龍-鉄壁,2015-08,"TECL,TQQQ","TQQQ,TECL",MATCH
DM2_SXLU_T2_M_L2754,シン青龍-鉄壁,2015-09,XLU,XLU,MATCH
DM2_SXLU_T2_M_L2754,シン青龍-鉄壁,2015-10,"TECL,TQQQ","TQQQ,TECL",MATCH
DM2_SXLU_T2_M_L2754,シン青龍-鉄壁,2015-11,XLU,"TQQQ,TECL",MISMATCH
DM2_SXLU_T2_M_L2754,シン青龍-鉄壁,2015-12,XLU,XLU,MATCH
DM2_SXLU_T2_M_L2754,シン青龍-鉄壁,2016-01,XLU,XLU,MATCH
DM2_SXLU_T2_M_L2754,シン青龍-鉄壁,2016-02,XLU,XLU,MATCH
DM2_SXLU_T2_M_L2754,シン青龍-鉄壁,2016-03,XLU,XLU,MATCH
DM2_SXLU_T2_M_L2754,シン青龍-鉄壁,2016-04,"TECL,TQQQ","TQQQ,TECL",MATCH
DM2_SXLU_T2_M_L2754,シン青龍-鉄壁,2016-05,"TECL,TQQQ","TQQQ,TECL",MATCH
DM2_SXLU_T2_M_L2754,シン青龍-鉄壁,2016-06,"TECL,TQQQ","TQQQ,TECL",MATCH
DM2_SXLU_T2_M_L2754,シン青龍-鉄壁,2016-07,"TECL,TQQQ","TQQQ,TECL",MATCH
DM2_SXLU_T2_M_L2754,シン青龍-鉄壁,2016-08,"TECL,TQQQ","TQQQ,TECL",MATCH
DM2_SXLU_T2_M_L2754,シン青龍-鉄壁,2016-09,"TECL,TQQQ","TQQQ,TECL",MATCH
DM2_SXLU_T2_M_L2754,シン青龍-鉄壁,2016-10,"TECL,TQQQ","TQQQ,TECL",MATCH
DM2_SXLU_T2_M_L2754,シン青龍-鉄壁,2016-11,"TECL,TQQQ","TQQQ,TECL",MATCH
DM2_SXLU_T2_M_L2754,シン青龍-鉄壁,2016-12,"TECL,TQQQ","TQQQ,TECL",MATCH
DM2_SXLU_T2_M_L2754,シン青龍-鉄壁,2017-01,"TECL,TQQQ","TQQQ,TECL",MATCH
DM2_SXLU_T2_M_L2754,シン青龍-鉄壁,2017-02,"TECL,TQQQ","TQQQ,TECL",MATCH
DM2_SXLU_T2_M_L2754,シン青龍-鉄壁,2017-03,"TECL,TQQQ","TQQQ,TECL",MATCH
DM2_SXLU_T2_M_L2754,シン青龍-鉄壁,2017-04,"TECL,TQQQ","TQQQ,TECL",MATCH
DM2_SXLU_T2_M_L2754,シン青龍-鉄壁,2017-05,"TECL,TQQQ","TQQQ,TECL",MATCH
DM2_SXLU_T2_M_L2754,シン青龍-鉄壁,2017-06,"TECL,TQQQ","TQQQ,TECL",MATCH
DM2_SXLU_T2_M_L2754,シン青龍-鉄壁,2017-07,"TECL,TQQQ","TQQQ,TECL",MATCH
DM2_SXLU_T2_M_L2754,シン青龍-鉄壁,2017-08,"TECL,TQQQ","TQQQ,TECL",MATCH
DM2_SXLU_T2_M_L2754,シン青龍-鉄壁,2017-09,"TECL,TQQQ","TQQQ,TECL",MATCH
DM2_SXLU_T2_M_L2754,シン青龍-鉄壁,2017-10,"TECL,TQQQ","TQQQ,TECL",MATCH
DM2_SXLU_T2_M_L2754,シン青龍-鉄壁,2017-11,"TECL,TQQQ","TQQQ,TECL",MATCH
DM2_SXLU_T2_M_L2754,シン青龍-鉄壁,2017-12,"TECL,TQQQ","TQQQ,TECL",MATCH
DM2_SXLU_T2_M_L2754,シン青龍-鉄壁,2018-01,"TECL,TQQQ","TQQQ,TECL",MATCH
DM2_SXLU_T2_M_L2754,シン青龍-鉄壁,2018-02,"TECL,TQQQ","TQQQ,TECL",MATCH
DM2_SXLU_T2_M_L2754,シン青龍-鉄壁,2018-03,XLU,XLU,MATCH
DM2_SXLU_T2_M_L2754,シン青龍-鉄壁,2018-04,XLU,XLU,MATCH
DM2_SXLU_T2_M_L2754,シン青龍-鉄壁,2018-05,XLU,XLU,MATCH
DM2_SXLU_T2_M_L2754,シン青龍-鉄壁,2018-06,XLU,XLU,MATCH
DM2_SXLU_T2_M_L2754,シン青龍-鉄壁,2018-07,XLU,XLU,MATCH
DM2_SXLU_T2_M_L2754,シン青龍-鉄壁,2018-08,XLU,XLU,MATCH
DM2_SXLU_T2_M_L2754,シン青龍-鉄壁,2018-09,XLU,XLU,MATCH
DM2_SXLU_T2_M_L2754,シン青龍-鉄壁,2018-10,XLU,XLU,MATCH
DM2_SXLU_T2_M_L2754,シン青龍-鉄壁,2018-11,XLU,XLU,MATCH
DM2_SXLU_T2_M_L2754,シン青龍-鉄壁,2018-12,XLU,XLU,MATCH
DM2_SXLU_T2_M_L2754,シン青龍-鉄壁,2019-01,XLU,XLU,MATCH
DM2_SXLU_T2_M_L2754,シン青龍-鉄壁,2019-02,"TECL,TQQQ","TQQQ,TECL",MATCH
DM2_SXLU_T2_M_L2754,シン青龍-鉄壁,2019-03,"TECL,TQQQ","TQQQ,TECL",MATCH
DM2_SXLU_T2_M_L2754,シン青龍-鉄壁,2019-04,"TECL,TQQQ","TQQQ,TECL",MATCH
DM2_SXLU_T2_M_L2754,シン青龍-鉄壁,2019-05,"TECL,TQQQ","TQQQ,TECL",MATCH
DM2_SXLU_T2_M_L2754,シン青龍-鉄壁,2019-06,"TECL,TQQQ","TQQQ,TECL",MATCH
DM2_SXLU_T2_M_L2754,シン青龍-鉄壁,2019-07,"TECL,TQQQ","TQQQ,TECL",MATCH
DM2_SXLU_T2_M_L2754,シン青龍-鉄壁,2019-08,"TECL,TQQQ","TQQQ,TECL",MATCH
DM2_SXLU_T2_M_L2754,シン青龍-鉄壁,2019-09,"TECL,TQQQ","TQQQ,TECL",MATCH
DM2_SXLU_T2_M_L2754,シン青龍-鉄壁,2019-10,"TECL,TQQQ","TQQQ,TECL",MATCH
DM2_SXLU_T2_M_L2754,シン青龍-鉄壁,2019-11,"TECL,TQQQ","TQQQ,TECL",MATCH
DM2_SXLU_T2_M_L2754,シン青龍-鉄壁,2019-12,"TECL,TQQQ","TQQQ,TECL",MATCH
DM2_SXLU_T2_M_L2754,シン青龍-鉄壁,2020-01,"TECL,TQQQ","TQQQ,TECL",MATCH
DM2_SXLU_T2_M_L2754,シン青龍-鉄壁,2020-02,"TECL,TQQQ","TQQQ,TECL",MATCH
DM2_SXLU_T2_M_L2754,シン青龍-鉄壁,2020-03,"TECL,TQQQ","TQQQ,TECL",MATCH
DM2_SXLU_T2_M_L2754,シン青龍-鉄壁,2020-04,"TECL,TQQQ","TQQQ,TECL",MATCH
DM2_SXLU_T2_M_L2754,シン青龍-鉄壁,2020-05,"TECL,TQQQ","TQQQ,TECL",MATCH
DM2_SXLU_T2_M_L2754,シン青龍-鉄壁,2020-06,"TECL,TQQQ","TQQQ,TECL",MATCH
DM2_SXLU_T2_M_L2754,シン青龍-鉄壁,2020-07,"TECL,TQQQ","TQQQ,TECL",MATCH
DM2_SXLU_T2_M_L2754,シン青龍-鉄壁,2020-08,"TECL,TQQQ","TQQQ,TECL",MATCH
DM2_SXLU_T2_M_L2754,シン青龍-鉄壁,2020-09,"TECL,TQQQ","TQQQ,TECL",MATCH
DM2_SXLU_T2_M_L2754,シン青龍-鉄壁,2020-10,"TECL,TQQQ","TQQQ,TECL",MATCH
DM2_SXLU_T2_M_L2754,シン青龍-鉄壁,2020-11,"TECL,TQQQ","TQQQ,TECL",MATCH
DM2_SXLU_T2_M_L2754,シン青龍-鉄壁,2020-12,"TECL,TQQQ","TQQQ,TECL",MATCH
DM2_SXLU_T2_M_L2754,シン青龍-鉄壁,2021-01,"TECL,TQQQ","TQQQ,TECL",MATCH
DM2_SXLU_T2_M_L2754,シン青龍-鉄壁,2021-02,"TECL,TQQQ","TQQQ,TECL",MATCH
DM2_SXLU_T2_M_L2754,シン青龍-鉄壁,2021-03,"TECL,TQQQ","TQQQ,TECL",MATCH
DM2_SXLU_T2_M_L2754,シン青龍-鉄壁,2021-04,"TECL,TQQQ","TQQQ,TECL",MATCH
DM2_SXLU_T2_M_L2754,シン青龍-鉄壁,2021-05,"TECL,TQQQ","TQQQ,TECL",MATCH
DM2_SXLU_T2_M_L2754,シン青龍-鉄壁,2021-06,"TECL,TQQQ","TQQQ,TECL",MATCH
DM2_SXLU_T2_M_L2754,シン青龍-鉄壁,2021-07,"TECL,TQQQ","TQQQ,TECL",MATCH
DM2_SXLU_T2_M_L2754,シン青龍-鉄壁,2021-08,"TECL,TQQQ","TQQQ,TECL",MATCH
DM2_SXLU_T2_M_L2754,シン青龍-鉄壁,2021-09,"TECL,TQQQ","TQQQ,TECL",MATCH
DM2_SXLU_T2_M_L2754,シン青龍-鉄壁,2021-10,XLU,XLU,MATCH
DM2_SXLU_T2_M_L2754,シン青龍-鉄壁,2021-11,"TECL,TQQQ",XLU,MISMATCH
DM2_SXLU_T2_M_L2754,シン青龍-鉄壁,2021-12,"TECL,TQQQ","TQQQ,TECL",MATCH
DM2_SXLU_T2_M_L2754,シン青龍-鉄壁,2022-01,"TECL,TQQQ","TQQQ,TECL",MATCH
DM2_SXLU_T2_M_L2754,シン青龍-鉄壁,2022-02,XLU,XLU,MATCH
DM2_SXLU_T2_M_L2754,シン青龍-鉄壁,2022-03,XLU,XLU,MATCH
DM2_SXLU_T2_M_L2754,シン青龍-鉄壁,2022-04,XLU,XLU,MATCH
DM2_SXLU_T2_M_L2754,シン青龍-鉄壁,2022-05,XLU,XLU,MATCH
DM2_SXLU_T2_M_L2754,シン青龍-鉄壁,2022-06,XLU,XLU,MATCH
DM2_SXLU_T2_M_L2754,シン青龍-鉄壁,2022-07,XLU,XLU,MATCH
DM2_SXLU_T2_M_L2754,シン青龍-鉄壁,2022-08,XLU,XLU,MATCH
DM2_SXLU_T2_M_L2754,シン青龍-鉄壁,2022-09,XLU,XLU,MATCH
DM2_SXLU_T2_M_L2754,シン青龍-鉄壁,2022-10,XLU,XLU,MATCH
DM2_SXLU_T2_M_L2754,シン青龍-鉄壁,2022-11,XLU,XLU,MATCH
DM2_SXLU_T2_M_L2754,シン青龍-鉄壁,2022-12,XLU,XLU,MATCH
DM2_SXLU_T2_M_L2754,シン青龍-鉄壁,2023-01,XLU,XLU,MATCH
DM2_SXLU_T2_M_L2754,シン青龍-鉄壁,2023-02,XLU,XLU,MATCH
DM2_SXLU_T2_M_L2754,シン青龍-鉄壁,2023-03,XLU,XLU,MATCH
DM2_SXLU_T2_M_L2754,シン青龍-鉄壁,2023-04,XLU,XLU,MATCH
DM2_SXLU_T2_M_L2754,シン青龍-鉄壁,2023-05,XLU,XLU,MATCH
DM2_SXLU_T2_M_L2754,シン青龍-鉄壁,2023-06,XLU,XLU,MATCH
DM2_SXLU_T2_M_L2754,シン青龍-鉄壁,2023-07,"TECL,TQQQ","TQQQ,TECL",MATCH
DM2_SXLU_T2_M_L2754,シン青龍-鉄壁,2023-08,XLU,XLU,MATCH
DM2_SXLU_T2_M_L2754,シン青龍-鉄壁,2023-09,XLU,XLU,MATCH
DM2_SXLU_T2_M_L2754,シン青龍-鉄壁,2023-10,XLU,XLU,MATCH
DM2_SXLU_T2_M_L2754,シン青龍-鉄壁,2023-11,XLU,XLU,MATCH
DM2_SXLU_T2_M_L2754,シン青龍-鉄壁,2023-12,"TECL,TQQQ","TQQQ,TECL",MATCH
DM2_SXLU_T2_M_L2754,シン青龍-鉄壁,2024-01,"TECL,TQQQ","TQQQ,TECL",MATCH
DM2_SXLU_T2_M_L2754,シン青龍-鉄壁,2024-02,"TECL,TQQQ","TQQQ,TECL",MATCH
DM2_SXLU_T2_M_L2754,シン青龍-鉄壁,2024-03,XLU,XLU,MATCH
DM2_SXLU_T2_M_L2754,シン青龍-鉄壁,2024-04,XLU,XLU,MATCH
DM2_SXLU_T2_M_L2754,シン青龍-鉄壁,2024-05,XLU,XLU,MATCH
DM2_SXLU_T2_M_L2754,シン青龍-鉄壁,2024-06,XLU,XLU,MATCH
DM2_SXLU_T2_M_L2754,シン青龍-鉄壁,2024-07,"TECL,TQQQ",XLU,MISMATCH
DM2_SXLU_T2_M_L2754,シン青龍-鉄壁,2024-08,"TECL,TQQQ","TQQQ,TECL",MATCH
DM2_SXLU_T2_M_L2754,シン青龍-鉄壁,2024-09,"TECL,TQQQ","TQQQ,TECL",MATCH
DM2_SXLU_T2_M_L2754,シン青龍-鉄壁,2024-10,"TECL,TQQQ","TQQQ,TECL",MATCH
DM2_SXLU_T2_M_L2754,シン青龍-鉄壁,2024-11,"TECL,TQQQ","TQQQ,TECL",MATCH
DM2_SXLU_T2_M_L2754,シン青龍-鉄壁,2024-12,"TECL,TQQQ","TQQQ,TECL",MATCH
DM2_SXLU_T2_M_L2754,シン青龍-鉄壁,2025-01,XLU,XLU,MATCH
DM2_SXLU_T2_M_L2754,シン青龍-鉄壁,2025-02,XLU,XLU,MATCH
DM2_SXLU_T2_M_L2754,シン青龍-鉄壁,2025-03,"TECL,TQQQ","TQQQ,TECL",MATCH
DM2_SXLU_T2_M_L2754,シン青龍-鉄壁,2025-04,"TECL,TQQQ","TQQQ,TECL",MATCH
DM2_SXLU_T2_M_L2754,シン青龍-鉄壁,2025-05,"TECL,TQQQ","TQQQ,TECL",MATCH
DM2_SXLU_T2_M_L2754,シン青龍-鉄壁,2025-06,XLU,"TQQQ,TECL",MISMATCH
DM2_SXLU_T2_M_L2754,シン青龍-鉄壁,2025-07,"TECL,TQQQ","TQQQ,TECL",MATCH
DM2_SXLU_T2_M_L2754,シン青龍-鉄壁,2025-08,"TECL,TQQQ","TQQQ,TECL",MATCH
DM2_SXLU_T2_M_L2754,シン青龍-鉄壁,2025-09,XLU,"TQQQ,TECL",MISMATCH
DM2_SXLU_T2_M_L2754,シン青龍-鉄壁,2025-10,"TECL,TQQQ","TQQQ,TECL",MATCH
DM2_SXLU_T2_M_L2754,シン青龍-鉄壁,2025-11,"TECL,TQQQ","TQQQ,TECL",MATCH
DM2_SXLU_T2_M_L2754,シン青龍-鉄壁,2025-12,"TECL,TQQQ","TQQQ,TECL",MATCH
DM2_SXLU_T2_M_L2754,シン青龍-鉄壁,2026-01,"TECL,TQQQ","TQQQ,TECL",MATCH
DM3_STMV_T2_Be_L0003,シン朱雀-激攻,2012-03,TMV,TMV,MATCH
DM3_STMV_T2_Be_L0003,シン朱雀-激攻,2012-04,TMV,TMV,MATCH
DM3_STMV_T2_Be_L0003,シン朱雀-激攻,2012-05,TMV,TMV,MATCH
DM3_STMV_T2_Be_L0003,シン朱雀-激攻,2012-06,"TECL,TQQQ","TECL,TQQQ",MATCH
DM3_STMV_T2_Be_L0003,シン朱雀-激攻,2012-07,"TECL,TQQQ","TECL,TQQQ",MATCH
DM3_STMV_T2_Be_L0003,シン朱雀-激攻,2012-08,"TECL,TQQQ","TECL,TQQQ",MATCH
DM3_STMV_T2_Be_L0003,シン朱雀-激攻,2012-09,"TECL,TQQQ","TECL,TQQQ",MATCH
DM3_STMV_T2_Be_L0003,シン朱雀-激攻,2012-10,TMV,TMV,MATCH
DM3_STMV_T2_Be_L0003,シン朱雀-激攻,2012-11,TMV,TMV,MATCH
DM3_STMV_T2_Be_L0003,シン朱雀-激攻,2012-12,"TECL,TQQQ","TECL,TQQQ",MATCH
DM3_STMV_T2_Be_L0003,シン朱雀-激攻,2013-01,"TECL,TQQQ","TECL,TQQQ",MATCH
DM3_STMV_T2_Be_L0003,シン朱雀-激攻,2013-02,TMV,TMV,MATCH
DM3_STMV_T2_Be_L0003,シン朱雀-激攻,2013-03,TMV,TMV,MATCH
DM3_STMV_T2_Be_L0003,シン朱雀-激攻,2013-04,TMV,"TECL,TQQQ",MISMATCH
DM3_STMV_T2_Be_L0003,シン朱雀-激攻,2013-05,TMV,"TECL,TQQQ",MISMATCH
DM3_STMV_T2_Be_L0003,シン朱雀-激攻,2013-06,TMV,TMV,MATCH
DM3_STMV_T2_Be_L0003,シン朱雀-激攻,2013-07,TMV,TMV,MATCH
DM3_STMV_T2_Be_L0003,シン朱雀-激攻,2013-08,TMV,TMV,MATCH
DM3_STMV_T2_Be_L0003,シン朱雀-激攻,2013-09,TMV,TMV,MATCH
DM3_STMV_T2_Be_L0003,シン朱雀-激攻,2013-10,"TECL,TQQQ","TECL,TQQQ",MATCH
DM3_STMV_T2_Be_L0003,シン朱雀-激攻,2013-11,"TECL,TQQQ","TECL,TQQQ",MATCH
DM3_STMV_T2_Be_L0003,シン朱雀-激攻,2013-12,TMV,"TECL,TQQQ",MISMATCH
DM3_STMV_T2_Be_L0003,シン朱雀-激攻,2014-01,TMV,"TECL,TQQQ",MISMATCH
DM3_STMV_T2_Be_L0003,シン朱雀-激攻,2014-02,"TECL,TQQQ","TECL,TQQQ",MATCH
DM3_STMV_T2_Be_L0003,シン朱雀-激攻,2014-03,"TECL,TQQQ","TECL,TQQQ",MATCH
DM3_STMV_T2_Be_L0003,シン朱雀-激攻,2014-04,"TECL,TQQQ","TECL,TQQQ",MATCH
DM3_STMV_T2_Be_L0003,シン朱雀-激攻,2014-05,"TECL,TQQQ","TECL,TQQQ",MATCH
DM3_STMV_T2_Be_L0003,シン朱雀-激攻,2014-06,"TECL,TQQQ","TECL,TQQQ",MATCH
DM3_STMV_T2_Be_L0003,シン朱雀-激攻,2014-07,"TECL,TQQQ","TECL,TQQQ",MATCH
DM3_STMV_T2_Be_L0003,シン朱雀-激攻,2014-08,"TECL,TQQQ","TECL,TQQQ",MATCH
DM3_STMV_T2_Be_L0003,シン朱雀-激攻,2014-09,"TECL,TQQQ","TECL,TQQQ",MATCH
DM3_STMV_T2_Be_L0003,シン朱雀-激攻,2014-10,TMV,TMV,MATCH
DM3_STMV_T2_Be_L0003,シン朱雀-激攻,2014-11,TMV,TMV,MATCH
DM3_STMV_T2_Be_L0003,シン朱雀-激攻,2014-12,"TECL,TQQQ","TECL,TQQQ",MATCH
DM3_STMV_T2_Be_L0003,シン朱雀-激攻,2015-01,"TECL,TQQQ","TECL,TQQQ",MATCH
DM3_STMV_T2_Be_L0003,シン朱雀-激攻,2015-02,"TECL,TQQQ","TECL,TQQQ",MATCH
DM3_STMV_T2_Be_L0003,シン朱雀-激攻,2015-03,"TECL,TQQQ","TECL,TQQQ",MATCH
DM3_STMV_T2_Be_L0003,シン朱雀-激攻,2015-04,"TECL,TQQQ","TECL,TQQQ",MATCH
DM3_STMV_T2_Be_L0003,シン朱雀-激攻,2015-05,"TECL,TQQQ","TECL,TQQQ",MATCH
DM3_STMV_T2_Be_L0003,シン朱雀-激攻,2015-06,TMV,TMV,MATCH
DM3_STMV_T2_Be_L0003,シン朱雀-激攻,2015-07,TMV,TMV,MATCH
DM3_STMV_T2_Be_L0003,シン朱雀-激攻,2015-08,"TECL,TQQQ","TECL,TQQQ",MATCH
DM3_STMV_T2_Be_L0003,シン朱雀-激攻,2015-09,"TECL,TQQQ","TECL,TQQQ",MATCH
DM3_STMV_T2_Be_L0003,シン朱雀-激攻,2015-10,"TECL,TQQQ","TECL,TQQQ",MATCH
DM3_STMV_T2_Be_L0003,シン朱雀-激攻,2015-11,"TECL,TQQQ","TECL,TQQQ",MATCH
DM3_STMV_T2_Be_L0003,シン朱雀-激攻,2015-12,TMV,TMV,MATCH
DM3_STMV_T2_Be_L0003,シン朱雀-激攻,2016-01,TMV,TMV,MATCH
DM3_STMV_T2_Be_L0003,シン朱雀-激攻,2016-02,"TECL,TQQQ",TMV,MISMATCH
DM3_STMV_T2_Be_L0003,シン朱雀-激攻,2016-03,"TECL,TQQQ",TMV,MISMATCH
DM3_STMV_T2_Be_L0003,シン朱雀-激攻,2016-04,"TECL,TQQQ","TECL,TQQQ",MATCH
DM3_STMV_T2_Be_L0003,シン朱雀-激攻,2016-05,"TECL,TQQQ","TECL,TQQQ",MATCH
DM3_STMV_T2_Be_L0003,シン朱雀-激攻,2016-06,"TECL,TQQQ","TECL,TQQQ",MATCH
DM3_STMV_T2_Be_L0003,シン朱雀-激攻,2016-07,"TECL,TQQQ","TECL,TQQQ",MATCH
DM3_STMV_T2_Be_L0003,シン朱雀-激攻,2016-08,"TECL,TQQQ","TECL,TQQQ",MATCH
DM3_STMV_T2_Be_L0003,シン朱雀-激攻,2016-09,"TECL,TQQQ","TECL,TQQQ",MATCH
DM3_STMV_T2_Be_L0003,シン朱雀-激攻,2016-10,TMV,TMV,MATCH
DM3_STMV_T2_Be_L0003,シン朱雀-激攻,2016-11,TMV,TMV,MATCH
DM3_STMV_T2_Be_L0003,シン朱雀-激攻,2016-12,TMV,TMV,MATCH
DM3_STMV_T2_Be_L0003,シン朱雀-激攻,2017-01,TMV,TMV,MATCH
DM3_STMV_T2_Be_L0003,シン朱雀-激攻,2017-02,"TECL,TQQQ","TECL,TQQQ",MATCH
DM3_STMV_T2_Be_L0003,シン朱雀-激攻,2017-03,"TECL,TQQQ","TECL,TQQQ",MATCH
DM3_STMV_T2_Be_L0003,シン朱雀-激攻,2017-04,"TECL,TQQQ","TECL,TQQQ",MATCH
DM3_STMV_T2_Be_L0003,シン朱雀-激攻,2017-05,"TECL,TQQQ","TECL,TQQQ",MATCH
DM3_STMV_T2_Be_L0003,シン朱雀-激攻,2017-06,"TECL,TQQQ","TECL,TQQQ",MATCH
DM3_STMV_T2_Be_L0003,シン朱雀-激攻,2017-07,"TECL,TQQQ","TECL,TQQQ",MATCH
DM3_STMV_T2_Be_L0003,シン朱雀-激攻,2017-08,TMV,TMV,MATCH
DM3_STMV_T2_Be_L0003,シン朱雀-激攻,2017-09,TMV,TMV,MATCH
DM3_STMV_T2_Be_L0003,シン朱雀-激攻,2017-10,TMV,"TECL,TQQQ",MISMATCH
DM3_STMV_T2_Be_L0003,シン朱雀-激攻,2017-11,TMV,"TECL,TQQQ",MISMATCH
DM3_STMV_T2_Be_L0003,シン朱雀-激攻,2017-12,"TECL,TQQQ","TECL,TQQQ",MATCH
DM3_STMV_T2_Be_L0003,シン朱雀-激攻,2018-01,"TECL,TQQQ","TECL,TQQQ",MATCH
DM3_STMV_T2_Be_L0003,シン朱雀-激攻,2018-02,TMV,TMV,MATCH
DM3_STMV_T2_Be_L0003,シン朱雀-激攻,2018-03,TMV,TMV,MATCH
DM3_STMV_T2_Be_L0003,シン朱雀-激攻,2018-04,"TECL,TQQQ",TMV,MISMATCH
DM3_STMV_T2_Be_L0003,シン朱雀-激攻,2018-05,"TECL,TQQQ",TMV,MISMATCH
DM3_STMV_T2_Be_L0003,シン朱雀-激攻,2018-06,"TECL,TQQQ","TECL,TQQQ",MATCH
DM3_STMV_T2_Be_L0003,シン朱雀-激攻,2018-07,"TECL,TQQQ","TECL,TQQQ",MATCH
DM3_STMV_T2_Be_L0003,シン朱雀-激攻,2018-08,TMV,TMV,MATCH
DM3_STMV_T2_Be_L0003,シン朱雀-激攻,2018-09,TMV,TMV,MATCH
DM3_STMV_T2_Be_L0003,シン朱雀-激攻,2018-10,TMV,"TECL,TQQQ",MISMATCH
DM3_STMV_T2_Be_L0003,シン朱雀-激攻,2018-11,TMV,"TECL,TQQQ",MISMATCH
DM3_STMV_T2_Be_L0003,シン朱雀-激攻,2018-12,"TECL,TQQQ","TECL,TQQQ",MATCH
DM3_STMV_T2_Be_L0003,シン朱雀-激攻,2019-01,"TECL,TQQQ","TECL,TQQQ",MATCH
DM3_STMV_T2_Be_L0003,シン朱雀-激攻,2019-02,"TECL,TQQQ","TECL,TQQQ",MATCH
DM3_STMV_T2_Be_L0003,シン朱雀-激攻,2019-03,"TECL,TQQQ","TECL,TQQQ",MATCH
DM3_STMV_T2_Be_L0003,シン朱雀-激攻,2019-04,"TECL,TQQQ",TMV,MISMATCH
DM3_STMV_T2_Be_L0003,シン朱雀-激攻,2019-05,"TECL,TQQQ",TMV,MISMATCH
DM3_STMV_T2_Be_L0003,シン朱雀-激攻,2019-06,"TECL,TQQQ","TECL,TQQQ",MATCH
DM3_STMV_T2_Be_L0003,シン朱雀-激攻,2019-07,"TECL,TQQQ","TECL,TQQQ",MATCH
DM3_STMV_T2_Be_L0003,シン朱雀-激攻,2019-08,"TECL,TQQQ","TECL,TQQQ",MATCH
DM3_STMV_T2_Be_L0003,シン朱雀-激攻,2019-09,"TECL,TQQQ","TECL,TQQQ",MATCH
DM3_STMV_T2_Be_L0003,シン朱雀-激攻,2019-10,TMV,TMV,MATCH
DM3_STMV_T2_Be_L0003,シン朱雀-激攻,2019-11,TMV,TMV,MATCH
DM3_STMV_T2_Be_L0003,シン朱雀-激攻,2019-12,"TECL,TQQQ",TMV,MISMATCH
DM3_STMV_T2_Be_L0003,シン朱雀-激攻,2020-01,"TECL,TQQQ",TMV,MISMATCH
DM3_STMV_T2_Be_L0003,シン朱雀-激攻,2020-02,"TECL,TQQQ","TECL,TQQQ",MATCH
DM3_STMV_T2_Be_L0003,シン朱雀-激攻,2020-03,"TECL,TQQQ","TECL,TQQQ",MATCH
DM3_STMV_T2_Be_L0003,シン朱雀-激攻,2020-04,"TECL,TQQQ","TECL,TQQQ",MATCH
DM3_STMV_T2_Be_L0003,シン朱雀-激攻,2020-05,"TECL,TQQQ","TECL,TQQQ",MATCH
DM3_STMV_T2_Be_L0003,シン朱雀-激攻,2020-06,TMV,"TECL,TQQQ",MISMATCH
DM3_STMV_T2_Be_L0003,シン朱雀-激攻,2020-07,TMV,"TECL,TQQQ",MISMATCH
DM3_STMV_T2_Be_L0003,シン朱雀-激攻,2020-08,"TECL,TQQQ","TECL,TQQQ",MATCH
DM3_STMV_T2_Be_L0003,シン朱雀-激攻,2020-09,"TECL,TQQQ","TECL,TQQQ",MATCH
DM3_STMV_T2_Be_L0003,シン朱雀-激攻,2020-10,"TECL,TQQQ","TECL,TQQQ",MATCH
DM3_STMV_T2_Be_L0003,シン朱雀-激攻,2020-11,"TECL,TQQQ","TECL,TQQQ",MATCH
DM3_STMV_T2_Be_L0003,シン朱雀-激攻,2020-12,"TECL,TQQQ","TECL,TQQQ",MATCH
DM3_STMV_T2_Be_L0003,シン朱雀-激攻,2021-01,"TECL,TQQQ","TECL,TQQQ",MATCH
DM3_STMV_T2_Be_L0003,シン朱雀-激攻,2021-02,TMV,"TECL,TQQQ",MISMATCH
DM3_STMV_T2_Be_L0003,シン朱雀-激攻,2021-03,TMV,"TECL,TQQQ",MISMATCH
DM3_STMV_T2_Be_L0003,シン朱雀-激攻,2021-04,TMV,TMV,MATCH
DM3_STMV_T2_Be_L0003,シン朱雀-激攻,2021-05,TMV,TMV,MATCH
DM3_STMV_T2_Be_L0003,シン朱雀-激攻,2021-06,"TECL,TQQQ","TECL,TQQQ",MATCH
DM3_STMV_T2_Be_L0003,シン朱雀-激攻,2021-07,"TECL,TQQQ","TECL,TQQQ",MATCH
DM3_STMV_T2_Be_L0003,シン朱雀-激攻,2021-08,"TECL,TQQQ","TECL,TQQQ",MATCH
DM3_STMV_T2_Be_L0003,シン朱雀-激攻,2021-09,"TECL,TQQQ","TECL,TQQQ",MATCH
DM3_STMV_T2_Be_L0003,シン朱雀-激攻,2021-10,TMV,TMV,MATCH
DM3_STMV_T2_Be_L0003,シン朱雀-激攻,2021-11,TMV,TMV,MATCH
DM3_STMV_T2_Be_L0003,シン朱雀-激攻,2021-12,"TECL,TQQQ","TECL,TQQQ",MATCH
DM3_STMV_T2_Be_L0003,シン朱雀-激攻,2022-01,"TECL,TQQQ","TECL,TQQQ",MATCH
DM3_STMV_T2_Be_L0003,シン朱雀-激攻,2022-02,TMV,TMV,MATCH
DM3_STMV_T2_Be_L0003,シン朱雀-激攻,2022-03,TMV,TMV,MATCH
DM3_STMV_T2_Be_L0003,シン朱雀-激攻,2022-04,TMV,TMV,MATCH
DM3_STMV_T2_Be_L0003,シン朱雀-激攻,2022-05,TMV,TMV,MATCH
DM3_STMV_T2_Be_L0003,シン朱雀-激攻,2022-06,TMV,TMV,MATCH
DM3_STMV_T2_Be_L0003,シン朱雀-激攻,2022-07,TMV,TMV,MATCH
DM3_STMV_T2_Be_L0003,シン朱雀-激攻,2022-08,"TECL,TQQQ",TMV,MISMATCH
DM3_STMV_T2_Be_L0003,シン朱雀-激攻,2022-09,"TECL,TQQQ",TMV,MISMATCH
DM3_STMV_T2_Be_L0003,シン朱雀-激攻,2022-10,TMV,TMV,MATCH
DM3_STMV_T2_Be_L0003,シン朱雀-激攻,2022-11,TMV,TMV,MATCH
DM3_STMV_T2_Be_L0003,シン朱雀-激攻,2022-12,"TECL,TQQQ","TECL,TQQQ",MATCH
DM3_STMV_T2_Be_L0003,シン朱雀-激攻,2023-01,"TECL,TQQQ","TECL,TQQQ",MATCH
DM3_STMV_T2_Be_L0003,シン朱雀-激攻,2023-02,"TECL,TQQQ","TECL,TQQQ",MATCH
DM3_STMV_T2_Be_L0003,シン朱雀-激攻,2023-03,"TECL,TQQQ","TECL,TQQQ",MATCH
DM3_STMV_T2_Be_L0003,シン朱雀-激攻,2023-04,"TECL,TQQQ","TECL,TQQQ",MATCH
DM3_STMV_T2_Be_L0003,シン朱雀-激攻,2023-05,"TECL,TQQQ","TECL,TQQQ",MATCH
DM3_STMV_T2_Be_L0003,シン朱雀-激攻,2023-06,TMV,TMV,MATCH
DM3_STMV_T2_Be_L0003,シン朱雀-激攻,2023-07,TMV,TMV,MATCH
DM3_STMV_T2_Be_L0003,シン朱雀-激攻,2023-08,TMV,TMV,MATCH
DM3_STMV_T2_Be_L0003,シン朱雀-激攻,2023-09,TMV,TMV,MATCH
DM3_STMV_T2_Be_L0003,シン朱雀-激攻,2023-10,TMV,TMV,MATCH
DM3_STMV_T2_Be_L0003,シン朱雀-激攻,2023-11,TMV,TMV,MATCH
DM3_STMV_T2_Be_L0003,シン朱雀-激攻,2023-12,"TECL,TQQQ","TECL,TQQQ",MATCH
DM3_STMV_T2_Be_L0003,シン朱雀-激攻,2024-01,"TECL,TQQQ","TECL,TQQQ",MATCH
DM3_STMV_T2_Be_L0003,シン朱雀-激攻,2024-02,TMV,TMV,MATCH
DM3_STMV_T2_Be_L0003,シン朱雀-激攻,2024-03,TMV,TMV,MATCH
DM3_STMV_T2_Be_L0003,シン朱雀-激攻,2024-04,"TECL,TQQQ",TMV,MISMATCH
DM3_STMV_T2_Be_L0003,シン朱雀-激攻,2024-05,"TECL,TQQQ",TMV,MISMATCH
DM3_STMV_T2_Be_L0003,シン朱雀-激攻,2024-06,"TECL,TQQQ","TECL,TQQQ",MATCH
DM3_STMV_T2_Be_L0003,シン朱雀-激攻,2024-07,"TECL,TQQQ","TECL,TQQQ",MATCH
DM3_STMV_T2_Be_L0003,シン朱雀-激攻,2024-08,"TECL,TQQQ","TECL,TQQQ",MATCH
DM3_STMV_T2_Be_L0003,シン朱雀-激攻,2024-09,"TECL,TQQQ","TECL,TQQQ",MATCH
DM3_STMV_T2_Be_L0003,シン朱雀-激攻,2024-10,"TECL,TQQQ","TECL,TQQQ",MATCH
DM3_STMV_T2_Be_L0003,シン朱雀-激攻,2024-11,"TECL,TQQQ","TECL,TQQQ",MATCH
DM3_STMV_T2_Be_L0003,シン朱雀-激攻,2024-12,"TECL,TQQQ",TMV,MISMATCH
DM3_STMV_T2_Be_L0003,シン朱雀-激攻,2025-01,"TECL,TQQQ",TMV,MISMATCH
DM3_STMV_T2_Be_L0003,シン朱雀-激攻,2025-02,TMV,TMV,MATCH
DM3_STMV_T2_Be_L0003,シン朱雀-激攻,2025-03,TMV,TMV,MATCH
DM3_STMV_T2_Be_L0003,シン朱雀-激攻,2025-04,TMV,TMV,MATCH
DM3_STMV_T2_Be_L0003,シン朱雀-激攻,2025-05,TMV,TMV,MATCH
DM3_STMV_T2_Be_L0003,シン朱雀-激攻,2025-06,TMV,TMV,MATCH
DM3_STMV_T2_Be_L0003,シン朱雀-激攻,2025-07,TMV,TMV,MATCH
DM3_STMV_T2_Be_L0003,シン朱雀-激攻,2025-08,TMV,TMV,MATCH
DM3_STMV_T2_Be_L0003,シン朱雀-激攻,2025-09,TMV,TMV,MATCH
DM3_STMV_T2_Be_L0003,シン朱雀-激攻,2025-10,"TECL,TQQQ","TECL,TQQQ",MATCH
DM3_STMV_T2_Be_L0003,シン朱雀-激攻,2025-11,"TECL,TQQQ","TECL,TQQQ",MATCH
DM3_STMV_T2_Be_L0003,シン朱雀-激攻,2025-12,TMV,"TECL,TQQQ",MISMATCH
DM3_STMV_T2_Be_L0003,シン朱雀-激攻,2026-01,TMV,"TECL,TQQQ",MISMATCH
DM3_STMV_T2_Be_L0005,シン朱雀-鉄壁,2012-03,"TECL,TQQQ","TECL,TQQQ",MATCH
DM3_STMV_T2_Be_L0005,シン朱雀-鉄壁,2012-04,TMV,TMV,MATCH
DM3_STMV_T2_Be_L0005,シン朱雀-鉄壁,2012-05,TMV,TMV,MATCH
DM3_STMV_T2_Be_L0005,シン朱雀-鉄壁,2012-06,"TECL,TQQQ","TECL,TQQQ",MATCH
DM3_STMV_T2_Be_L0005,シン朱雀-鉄壁,2012-07,"TECL,TQQQ","TECL,TQQQ",MATCH
DM3_STMV_T2_Be_L0005,シン朱雀-鉄壁,2012-08,"TECL,TQQQ","TECL,TQQQ",MATCH
DM3_STMV_T2_Be_L0005,シン朱雀-鉄壁,2012-09,"TECL,TQQQ","TECL,TQQQ",MATCH
DM3_STMV_T2_Be_L0005,シン朱雀-鉄壁,2012-10,TMV,TMV,MATCH
DM3_STMV_T2_Be_L0005,シン朱雀-鉄壁,2012-11,TMV,TMV,MATCH
DM3_STMV_T2_Be_L0005,シン朱雀-鉄壁,2012-12,TMV,TMV,MATCH
DM3_STMV_T2_Be_L0005,シン朱雀-鉄壁,2013-01,TMV,TMV,MATCH
DM3_STMV_T2_Be_L0005,シン朱雀-鉄壁,2013-02,TMV,TMV,MATCH
DM3_STMV_T2_Be_L0005,シン朱雀-鉄壁,2013-03,TMV,TMV,MATCH
DM3_STMV_T2_Be_L0005,シン朱雀-鉄壁,2013-04,TMV,TMV,MATCH
DM3_STMV_T2_Be_L0005,シン朱雀-鉄壁,2013-05,TMV,TMV,MATCH
DM3_STMV_T2_Be_L0005,シン朱雀-鉄壁,2013-06,TMV,TMV,MATCH
DM3_STMV_T2_Be_L0005,シン朱雀-鉄壁,2013-07,TMV,TMV,MATCH
DM3_STMV_T2_Be_L0005,シン朱雀-鉄壁,2013-08,TMV,TMV,MATCH
DM3_STMV_T2_Be_L0005,シン朱雀-鉄壁,2013-09,TMV,TMV,MATCH
DM3_STMV_T2_Be_L0005,シン朱雀-鉄壁,2013-10,TMV,TMV,MATCH
DM3_STMV_T2_Be_L0005,シン朱雀-鉄壁,2013-11,TMV,TMV,MATCH
DM3_STMV_T2_Be_L0005,シン朱雀-鉄壁,2013-12,TMV,"TECL,TQQQ",MISMATCH
DM3_STMV_T2_Be_L0005,シン朱雀-鉄壁,2014-01,TMV,"TECL,TQQQ",MISMATCH
DM3_STMV_T2_Be_L0005,シン朱雀-鉄壁,2014-02,"TECL,TQQQ","TECL,TQQQ",MATCH
DM3_STMV_T2_Be_L0005,シン朱雀-鉄壁,2014-03,"TECL,TQQQ","TECL,TQQQ",MATCH
DM3_STMV_T2_Be_L0005,シン朱雀-鉄壁,2014-04,"TECL,TQQQ","TECL,TQQQ",MATCH
DM3_STMV_T2_Be_L0005,シン朱雀-鉄壁,2014-05,"TECL,TQQQ","TECL,TQQQ",MATCH
DM3_STMV_T2_Be_L0005,シン朱雀-鉄壁,2014-06,"TECL,TQQQ","TECL,TQQQ",MATCH
DM3_STMV_T2_Be_L0005,シン朱雀-鉄壁,2014-07,"TECL,TQQQ","TECL,TQQQ",MATCH
DM3_STMV_T2_Be_L0005,シン朱雀-鉄壁,2014-08,"TECL,TQQQ","TECL,TQQQ",MATCH
DM3_STMV_T2_Be_L0005,シン朱雀-鉄壁,2014-09,"TECL,TQQQ","TECL,TQQQ",MATCH
DM3_STMV_T2_Be_L0005,シン朱雀-鉄壁,2014-10,"TECL,TQQQ","TECL,TQQQ",MATCH
DM3_STMV_T2_Be_L0005,シン朱雀-鉄壁,2014-11,"TECL,TQQQ","TECL,TQQQ",MATCH
DM3_STMV_T2_Be_L0005,シン朱雀-鉄壁,2014-12,"TECL,TQQQ","TECL,TQQQ",MATCH
DM3_STMV_T2_Be_L0005,シン朱雀-鉄壁,2015-01,"TECL,TQQQ","TECL,TQQQ",MATCH
DM3_STMV_T2_Be_L0005,シン朱雀-鉄壁,2015-02,"TECL,TQQQ","TECL,TQQQ",MATCH
DM3_STMV_T2_Be_L0005,シン朱雀-鉄壁,2015-03,"TECL,TQQQ","TECL,TQQQ",MATCH
DM3_STMV_T2_Be_L0005,シン朱雀-鉄壁,2015-04,"TECL,TQQQ","TECL,TQQQ",MATCH
DM3_STMV_T2_Be_L0005,シン朱雀-鉄壁,2015-05,"TECL,TQQQ","TECL,TQQQ",MATCH
DM3_STMV_T2_Be_L0005,シン朱雀-鉄壁,2015-06,TMV,TMV,MATCH
DM3_STMV_T2_Be_L0005,シン朱雀-鉄壁,2015-07,TMV,TMV,MATCH
DM3_STMV_T2_Be_L0005,シン朱雀-鉄壁,2015-08,TMV,TMV,MATCH
DM3_STMV_T2_Be_L0005,シン朱雀-鉄壁,2015-09,TMV,TMV,MATCH
DM3_STMV_T2_Be_L0005,シン朱雀-鉄壁,2015-10,"TECL,TQQQ","TECL,TQQQ",MATCH
DM3_STMV_T2_Be_L0005,シン朱雀-鉄壁,2015-11,"TECL,TQQQ","TECL,TQQQ",MATCH
DM3_STMV_T2_Be_L0005,シン朱雀-鉄壁,2015-12,"TECL,TQQQ","TECL,TQQQ",MATCH
DM3_STMV_T2_Be_L0005,シン朱雀-鉄壁,2016-01,"TECL,TQQQ","TECL,TQQQ",MATCH
DM3_STMV_T2_Be_L0005,シン朱雀-鉄壁,2016-02,"TECL,TQQQ",TMV,MISMATCH
DM3_STMV_T2_Be_L0005,シン朱雀-鉄壁,2016-03,"TECL,TQQQ",TMV,MISMATCH
DM3_STMV_T2_Be_L0005,シン朱雀-鉄壁,2016-04,"TECL,TQQQ","TECL,TQQQ",MATCH
DM3_STMV_T2_Be_L0005,シン朱雀-鉄壁,2016-05,"TECL,TQQQ","TECL,TQQQ",MATCH
DM3_STMV_T2_Be_L0005,シン朱雀-鉄壁,2016-06,"TECL,TQQQ","TECL,TQQQ",MATCH
DM3_STMV_T2_Be_L0005,シン朱雀-鉄壁,2016-07,"TECL,TQQQ","TECL,TQQQ",MATCH
DM3_STMV_T2_Be_L0005,シン朱雀-鉄壁,2016-08,"TECL,TQQQ","TECL,TQQQ",MATCH
DM3_STMV_T2_Be_L0005,シン朱雀-鉄壁,2016-09,"TECL,TQQQ","TECL,TQQQ",MATCH
DM3_STMV_T2_Be_L0005,シン朱雀-鉄壁,2016-10,TMV,TMV,MATCH
DM3_STMV_T2_Be_L0005,シン朱雀-鉄壁,2016-11,TMV,TMV,MATCH
DM3_STMV_T2_Be_L0005,シン朱雀-鉄壁,2016-12,TMV,TMV,MATCH
DM3_STMV_T2_Be_L0005,シン朱雀-鉄壁,2017-01,TMV,TMV,MATCH
DM3_STMV_T2_Be_L0005,シン朱雀-鉄壁,2017-02,TMV,TMV,MATCH
DM3_STMV_T2_Be_L0005,シン朱雀-鉄壁,2017-03,TMV,TMV,MATCH
DM3_STMV_T2_Be_L0005,シン朱雀-鉄壁,2017-04,"TECL,TQQQ","TECL,TQQQ",MATCH
DM3_STMV_T2_Be_L0005,シン朱雀-鉄壁,2017-05,"TECL,TQQQ","TECL,TQQQ",MATCH
DM3_STMV_T2_Be_L0005,シン朱雀-鉄壁,2017-06,"TECL,TQQQ","TECL,TQQQ",MATCH
DM3_STMV_T2_Be_L0005,シン朱雀-鉄壁,2017-07,"TECL,TQQQ","TECL,TQQQ",MATCH
DM3_STMV_T2_Be_L0005,シン朱雀-鉄壁,2017-08,"TECL,TQQQ","TECL,TQQQ",MATCH
DM3_STMV_T2_Be_L0005,シン朱雀-鉄壁,2017-09,"TECL,TQQQ","TECL,TQQQ",MATCH
DM3_STMV_T2_Be_L0005,シン朱雀-鉄壁,2017-10,TMV,"TECL,TQQQ",MISMATCH
DM3_STMV_T2_Be_L0005,シン朱雀-鉄壁,2017-11,TMV,"TECL,TQQQ",MISMATCH
DM3_STMV_T2_Be_L0005,シン朱雀-鉄壁,2017-12,TMV,TMV,MATCH
DM3_STMV_T2_Be_L0005,シン朱雀-鉄壁,2018-01,TMV,TMV,MATCH
DM3_STMV_T2_Be_L0005,シン朱雀-鉄壁,2018-02,TMV,TMV,MATCH
DM3_STMV_T2_Be_L0005,シン朱雀-鉄壁,2018-03,TMV,TMV,MATCH
DM3_STMV_T2_Be_L0005,シン朱雀-鉄壁,2018-04,TMV,TMV,MATCH
DM3_STMV_T2_Be_L0005,シン朱雀-鉄壁,2018-05,TMV,TMV,MATCH
DM3_STMV_T2_Be_L0005,シン朱雀-鉄壁,2018-06,"TECL,TQQQ","TECL,TQQQ",MATCH
DM3_STMV_T2_Be_L0005,シン朱雀-鉄壁,2018-07,"TECL,TQQQ","TECL,TQQQ",MATCH
DM3_STMV_T2_Be_L0005,シン朱雀-鉄壁,2018-08,"TECL,TQQQ","TECL,TQQQ",MATCH
DM3_STMV_T2_Be_L0005,シン朱雀-鉄壁,2018-09,"TECL,TQQQ","TECL,TQQQ",MATCH
DM3_STMV_T2_Be_L0005,シン朱雀-鉄壁,2018-10,TMV,"TECL,TQQQ",MISMATCH
DM3_STMV_T2_Be_L0005,シン朱雀-鉄壁,2018-11,TMV,"TECL,TQQQ",MISMATCH
DM3_STMV_T2_Be_L0005,シン朱雀-鉄壁,2018-12,TMV,TMV,MATCH
DM3_STMV_T2_Be_L0005,シン朱雀-鉄壁,2019-01,TMV,TMV,MATCH
DM3_STMV_T2_Be_L0005,シン朱雀-鉄壁,2019-02,"TECL,TQQQ","TECL,TQQQ",MATCH
DM3_STMV_T2_Be_L0005,シン朱雀-鉄壁,2019-03,"TECL,TQQQ","TECL,TQQQ",MATCH
DM3_STMV_T2_Be_L0005,シン朱雀-鉄壁,2019-04,"TECL,TQQQ","TECL,TQQQ",MATCH
DM3_STMV_T2_Be_L0005,シン朱雀-鉄壁,2019-05,"TECL,TQQQ","TECL,TQQQ",MATCH
DM3_STMV_T2_Be_L0005,シン朱雀-鉄壁,2019-06,"TECL,TQQQ","TECL,TQQQ",MATCH
DM3_STMV_T2_Be_L0005,シン朱雀-鉄壁,2019-07,"TECL,TQQQ","TECL,TQQQ",MATCH
DM3_STMV_T2_Be_L0005,シン朱雀-鉄壁,2019-08,"TECL,TQQQ","TECL,TQQQ",MATCH
DM3_STMV_T2_Be_L0005,シン朱雀-鉄壁,2019-09,"TECL,TQQQ","TECL,TQQQ",MATCH
DM3_STMV_T2_Be_L0005,シン朱雀-鉄壁,2019-10,"TECL,TQQQ","TECL,TQQQ",MATCH
DM3_STMV_T2_Be_L0005,シン朱雀-鉄壁,2019-11,"TECL,TQQQ","TECL,TQQQ",MATCH
DM3_STMV_T2_Be_L0005,シン朱雀-鉄壁,2019-12,TMV,"TECL,TQQQ",MISMATCH
DM3_STMV_T2_Be_L0005,シン朱雀-鉄壁,2020-01,TMV,"TECL,TQQQ",MISMATCH
DM3_STMV_T2_Be_L0005,シン朱雀-鉄壁,2020-02,"TECL,TQQQ","TECL,TQQQ",MATCH
DM3_STMV_T2_Be_L0005,シン朱雀-鉄壁,2020-03,"TECL,TQQQ","TECL,TQQQ",MATCH
DM3_STMV_T2_Be_L0005,シン朱雀-鉄壁,2020-04,"TECL,TQQQ","TECL,TQQQ",MATCH
DM3_STMV_T2_Be_L0005,シン朱雀-鉄壁,2020-05,"TECL,TQQQ","TECL,TQQQ",MATCH
DM3_STMV_T2_Be_L0005,シン朱雀-鉄壁,2020-06,"TECL,TQQQ","TECL,TQQQ",MATCH
DM3_STMV_T2_Be_L0005,シン朱雀-鉄壁,2020-07,"TECL,TQQQ","TECL,TQQQ",MATCH
DM3_STMV_T2_Be_L0005,シン朱雀-鉄壁,2020-08,"TECL,TQQQ","TECL,TQQQ",MATCH
DM3_STMV_T2_Be_L0005,シン朱雀-鉄壁,2020-09,"TECL,TQQQ","TECL,TQQQ",MATCH
DM3_STMV_T2_Be_L0005,シン朱雀-鉄壁,2020-10,TMV,TMV,MATCH
DM3_STMV_T2_Be_L0005,シン朱雀-鉄壁,2020-11,TMV,TMV,MATCH
DM3_STMV_T2_Be_L0005,シン朱雀-鉄壁,2020-12,TMV,TMV,MATCH
DM3_STMV_T2_Be_L0005,シン朱雀-鉄壁,2021-01,TMV,TMV,MATCH
DM3_STMV_T2_Be_L0005,シン朱雀-鉄壁,2021-02,TMV,TMV,MATCH
DM3_STMV_T2_Be_L0005,シン朱雀-鉄壁,2021-03,TMV,TMV,MATCH
DM3_STMV_T2_Be_L0005,シン朱雀-鉄壁,2021-04,TMV,TMV,MATCH
DM3_STMV_T2_Be_L0005,シン朱雀-鉄壁,2021-05,TMV,TMV,MATCH
DM3_STMV_T2_Be_L0005,シン朱雀-鉄壁,2021-06,TMV,TMV,MATCH
DM3_STMV_T2_Be_L0005,シン朱雀-鉄壁,2021-07,TMV,TMV,MATCH
DM3_STMV_T2_Be_L0005,シン朱雀-鉄壁,2021-08,"TECL,TQQQ","TECL,TQQQ",MATCH
DM3_STMV_T2_Be_L0005,シン朱雀-鉄壁,2021-09,"TECL,TQQQ","TECL,TQQQ",MATCH
DM3_STMV_T2_Be_L0005,シン朱雀-鉄壁,2021-10,TMV,TMV,MATCH
DM3_STMV_T2_Be_L0005,シン朱雀-鉄壁,2021-11,TMV,TMV,MATCH
DM3_STMV_T2_Be_L0005,シン朱雀-鉄壁,2021-12,"TECL,TQQQ","TECL,TQQQ",MATCH
DM3_STMV_T2_Be_L0005,シン朱雀-鉄壁,2022-01,"TECL,TQQQ","TECL,TQQQ",MATCH
DM3_STMV_T2_Be_L0005,シン朱雀-鉄壁,2022-02,TMV,TMV,MATCH
DM3_STMV_T2_Be_L0005,シン朱雀-鉄壁,2022-03,TMV,TMV,MATCH
DM3_STMV_T2_Be_L0005,シン朱雀-鉄壁,2022-04,TMV,TMV,MATCH
DM3_STMV_T2_Be_L0005,シン朱雀-鉄壁,2022-05,TMV,TMV,MATCH
DM3_STMV_T2_Be_L0005,シン朱雀-鉄壁,2022-06,TMV,TMV,MATCH
DM3_STMV_T2_Be_L0005,シン朱雀-鉄壁,2022-07,TMV,TMV,MATCH
DM3_STMV_T2_Be_L0005,シン朱雀-鉄壁,2022-08,TMV,TMV,MATCH
DM3_STMV_T2_Be_L0005,シン朱雀-鉄壁,2022-09,TMV,TMV,MATCH
DM3_STMV_T2_Be_L0005,シン朱雀-鉄壁,2022-10,TMV,TMV,MATCH
DM3_STMV_T2_Be_L0005,シン朱雀-鉄壁,2022-11,TMV,TMV,MATCH
DM3_STMV_T2_Be_L0005,シン朱雀-鉄壁,2022-12,TMV,TMV,MATCH
DM3_STMV_T2_Be_L0005,シン朱雀-鉄壁,2023-01,TMV,TMV,MATCH
DM3_STMV_T2_Be_L0005,シン朱雀-鉄壁,2023-02,"TECL,TQQQ","TECL,TQQQ",MATCH
DM3_STMV_T2_Be_L0005,シン朱雀-鉄壁,2023-03,"TECL,TQQQ","TECL,TQQQ",MATCH
DM3_STMV_T2_Be_L0005,シン朱雀-鉄壁,2023-04,"TECL,TQQQ","TECL,TQQQ",MATCH
DM3_STMV_T2_Be_L0005,シン朱雀-鉄壁,2023-05,"TECL,TQQQ","TECL,TQQQ",MATCH
DM3_STMV_T2_Be_L0005,シン朱雀-鉄壁,2023-06,"TECL,TQQQ","TECL,TQQQ",MATCH
DM3_STMV_T2_Be_L0005,シン朱雀-鉄壁,2023-07,"TECL,TQQQ","TECL,TQQQ",MATCH
DM3_STMV_T2_Be_L0005,シン朱雀-鉄壁,2023-08,TMV,TMV,MATCH
DM3_STMV_T2_Be_L0005,シン朱雀-鉄壁,2023-09,TMV,TMV,MATCH
DM3_STMV_T2_Be_L0005,シン朱雀-鉄壁,2023-10,TMV,TMV,MATCH
DM3_STMV_T2_Be_L0005,シン朱雀-鉄壁,2023-11,TMV,TMV,MATCH
DM3_STMV_T2_Be_L0005,シン朱雀-鉄壁,2023-12,TMV,TMV,MATCH
DM3_STMV_T2_Be_L0005,シン朱雀-鉄壁,2024-01,TMV,TMV,MATCH
DM3_STMV_T2_Be_L0005,シン朱雀-鉄壁,2024-02,"TECL,TQQQ","TECL,TQQQ",MATCH
DM3_STMV_T2_Be_L0005,シン朱雀-鉄壁,2024-03,"TECL,TQQQ","TECL,TQQQ",MATCH
DM3_STMV_T2_Be_L0005,シン朱雀-鉄壁,2024-04,TMV,"TECL,TQQQ",MISMATCH
DM3_STMV_T2_Be_L0005,シン朱雀-鉄壁,2024-05,TMV,"TECL,TQQQ",MISMATCH
DM3_STMV_T2_Be_L0005,シン朱雀-鉄壁,2024-06,TMV,TMV,MATCH
DM3_STMV_T2_Be_L0005,シン朱雀-鉄壁,2024-07,TMV,TMV,MATCH
DM3_STMV_T2_Be_L0005,シン朱雀-鉄壁,2024-08,"TECL,TQQQ","TECL,TQQQ",MATCH
DM3_STMV_T2_Be_L0005,シン朱雀-鉄壁,2024-09,"TECL,TQQQ","TECL,TQQQ",MATCH
DM3_STMV_T2_Be_L0005,シン朱雀-鉄壁,2024-10,"TECL,TQQQ","TECL,TQQQ",MATCH
DM3_STMV_T2_Be_L0005,シン朱雀-鉄壁,2024-11,"TECL,TQQQ","TECL,TQQQ",MATCH
DM3_STMV_T2_Be_L0005,シン朱雀-鉄壁,2024-12,TMV,TMV,MATCH
DM3_STMV_T2_Be_L0005,シン朱雀-鉄壁,2025-01,TMV,TMV,MATCH
DM3_STMV_T2_Be_L0005,シン朱雀-鉄壁,2025-02,TMV,TMV,MATCH
DM3_STMV_T2_Be_L0005,シン朱雀-鉄壁,2025-03,TMV,TMV,MATCH
DM3_STMV_T2_Be_L0005,シン朱雀-鉄壁,2025-04,"TECL,TQQQ","TECL,TQQQ",MATCH
DM3_STMV_T2_Be_L0005,シン朱雀-鉄壁,2025-05,"TECL,TQQQ","TECL,TQQQ",MATCH
DM3_STMV_T2_Be_L0005,シン朱雀-鉄壁,2025-06,TMV,"TECL,TQQQ",MISMATCH
DM3_STMV_T2_Be_L0005,シン朱雀-鉄壁,2025-07,TMV,"TECL,TQQQ",MISMATCH
DM3_STMV_T2_Be_L0005,シン朱雀-鉄壁,2025-08,TMV,TMV,MATCH
DM3_STMV_T2_Be_L0005,シン朱雀-鉄壁,2025-09,TMV,TMV,MATCH
DM3_STMV_T2_Be_L0005,シン朱雀-鉄壁,2025-10,"TECL,TQQQ","TECL,TQQQ",MATCH
DM3_STMV_T2_Be_L0005,シン朱雀-鉄壁,2025-11,"TECL,TQQQ","TECL,TQQQ",MATCH
DM3_STMV_T2_Be_L0005,シン朱雀-鉄壁,2025-12,"TECL,TQQQ","TECL,TQQQ",MATCH
DM3_STMV_T2_Be_L0005,シン朱雀-鉄壁,2026-01,"TECL,TQQQ","TECL,TQQQ",MATCH
DM6_SGLD_T1_Qj_L0247,シン白虎-激攻,2012-03,GLD,TECL,MISMATCH
DM6_SGLD_T1_Qj_L0247,シン白虎-激攻,2012-04,GLD,GLD,MATCH
DM6_SGLD_T1_Qj_L0247,シン白虎-激攻,2012-05,GLD,GLD,MATCH
DM6_SGLD_T1_Qj_L0247,シン白虎-激攻,2012-06,GLD,GLD,MATCH
DM6_SGLD_T1_Qj_L0247,シン白虎-激攻,2012-07,GLD,TQQQ,MISMATCH
DM6_SGLD_T1_Qj_L0247,シン白虎-激攻,2012-08,GLD,TQQQ,MISMATCH
DM6_SGLD_T1_Qj_L0247,シン白虎-激攻,2012-09,GLD,TQQQ,MISMATCH
DM6_SGLD_T1_Qj_L0247,シン白虎-激攻,2012-10,GLD,GLD,MATCH
DM6_SGLD_T1_Qj_L0247,シン白虎-激攻,2012-11,GLD,GLD,MATCH
DM6_SGLD_T1_Qj_L0247,シン白虎-激攻,2012-12,GLD,GLD,MATCH
DM6_SGLD_T1_Qj_L0247,シン白虎-激攻,2013-01,TQQQ,TQQQ,MATCH
DM6_SGLD_T1_Qj_L0247,シン白虎-激攻,2013-02,TQQQ,TQQQ,MATCH
DM6_SGLD_T1_Qj_L0247,シン白虎-激攻,2013-03,TQQQ,TQQQ,MATCH
DM6_SGLD_T1_Qj_L0247,シン白虎-激攻,2013-04,GLD,TQQQ,MISMATCH
DM6_SGLD_T1_Qj_L0247,シン白虎-激攻,2013-05,GLD,TQQQ,MISMATCH
DM6_SGLD_T1_Qj_L0247,シン白虎-激攻,2013-06,GLD,TQQQ,MISMATCH
DM6_SGLD_T1_Qj_L0247,シン白虎-激攻,2013-07,TQQQ,TQQQ,MATCH
DM6_SGLD_T1_Qj_L0247,シン白虎-激攻,2013-08,TQQQ,TQQQ,MATCH
DM6_SGLD_T1_Qj_L0247,シン白虎-激攻,2013-09,TQQQ,TQQQ,MATCH
DM6_SGLD_T1_Qj_L0247,シン白虎-激攻,2013-10,TQQQ,TQQQ,MATCH
DM6_SGLD_T1_Qj_L0247,シン白虎-激攻,2013-11,TQQQ,TQQQ,MATCH
DM6_SGLD_T1_Qj_L0247,シン白虎-激攻,2013-12,TQQQ,TQQQ,MATCH
DM6_SGLD_T1_Qj_L0247,シン白虎-激攻,2014-01,GLD,GLD,MATCH
DM6_SGLD_T1_Qj_L0247,シン白虎-激攻,2014-02,GLD,GLD,MATCH
DM6_SGLD_T1_Qj_L0247,シン白虎-激攻,2014-03,GLD,GLD,MATCH
DM6_SGLD_T1_Qj_L0247,シン白虎-激攻,2014-04,TECL,TECL,MATCH
DM6_SGLD_T1_Qj_L0247,シン白虎-激攻,2014-05,TECL,TECL,MATCH
DM6_SGLD_T1_Qj_L0247,シン白虎-激攻,2014-06,TECL,TECL,MATCH
DM6_SGLD_T1_Qj_L0247,シン白虎-激攻,2014-07,GLD,GLD,MATCH
DM6_SGLD_T1_Qj_L0247,シン白虎-激攻,2014-08,GLD,GLD,MATCH
DM6_SGLD_T1_Qj_L0247,シン白虎-激攻,2014-09,GLD,GLD,MATCH
DM6_SGLD_T1_Qj_L0247,シン白虎-激攻,2014-10,TQQQ,TQQQ,MATCH
DM6_SGLD_T1_Qj_L0247,シン白虎-激攻,2014-11,TQQQ,TQQQ,MATCH
DM6_SGLD_T1_Qj_L0247,シン白虎-激攻,2014-12,TQQQ,TQQQ,MATCH
DM6_SGLD_T1_Qj_L0247,シン白虎-激攻,2015-01,TQQQ,TQQQ,MATCH
DM6_SGLD_T1_Qj_L0247,シン白虎-激攻,2015-02,TQQQ,TQQQ,MATCH
DM6_SGLD_T1_Qj_L0247,シン白虎-激攻,2015-03,TQQQ,TQQQ,MATCH
DM6_SGLD_T1_Qj_L0247,シン白虎-激攻,2015-04,TQQQ,TQQQ,MATCH
DM6_SGLD_T1_Qj_L0247,シン白虎-激攻,2015-05,TQQQ,TQQQ,MATCH
DM6_SGLD_T1_Qj_L0247,シン白虎-激攻,2015-06,TQQQ,TQQQ,MATCH
DM6_SGLD_T1_Qj_L0247,シン白虎-激攻,2015-07,TQQQ,TQQQ,MATCH
DM6_SGLD_T1_Qj_L0247,シン白虎-激攻,2015-08,TQQQ,TQQQ,MATCH
DM6_SGLD_T1_Qj_L0247,シン白虎-激攻,2015-09,TQQQ,TQQQ,MATCH
DM6_SGLD_T1_Qj_L0247,シン白虎-激攻,2015-10,TQQQ,TQQQ,MATCH
DM6_SGLD_T1_Qj_L0247,シン白虎-激攻,2015-11,TQQQ,TQQQ,MATCH
DM6_SGLD_T1_Qj_L0247,シン白虎-激攻,2015-12,TQQQ,TQQQ,MATCH
DM6_SGLD_T1_Qj_L0247,シン白虎-激攻,2016-01,GLD,GLD,MATCH
DM6_SGLD_T1_Qj_L0247,シン白虎-激攻,2016-02,GLD,GLD,MATCH
DM6_SGLD_T1_Qj_L0247,シン白虎-激攻,2016-03,GLD,GLD,MATCH
DM6_SGLD_T1_Qj_L0247,シン白虎-激攻,2016-04,GLD,GLD,MATCH
DM6_SGLD_T1_Qj_L0247,シン白虎-激攻,2016-05,GLD,GLD,MATCH
DM6_SGLD_T1_Qj_L0247,シン白虎-激攻,2016-06,GLD,GLD,MATCH
DM6_SGLD_T1_Qj_L0247,シン白虎-激攻,2016-07,TECL,TECL,MATCH
DM6_SGLD_T1_Qj_L0247,シン白虎-激攻,2016-08,TECL,TECL,MATCH
DM6_SGLD_T1_Qj_L0247,シン白虎-激攻,2016-09,TECL,TECL,MATCH
DM6_SGLD_T1_Qj_L0247,シン白虎-激攻,2016-10,GLD,GLD,MATCH
DM6_SGLD_T1_Qj_L0247,シン白虎-激攻,2016-11,GLD,GLD,MATCH
DM6_SGLD_T1_Qj_L0247,シン白虎-激攻,2016-12,GLD,GLD,MATCH
DM6_SGLD_T1_Qj_L0247,シン白虎-激攻,2017-01,TECL,GLD,MISMATCH
DM6_SGLD_T1_Qj_L0247,シン白虎-激攻,2017-02,TECL,GLD,MISMATCH
DM6_SGLD_T1_Qj_L0247,シン白虎-激攻,2017-03,TECL,GLD,MISMATCH
DM6_SGLD_T1_Qj_L0247,シン白虎-激攻,2017-04,TQQQ,TQQQ,MATCH
DM6_SGLD_T1_Qj_L0247,シン白虎-激攻,2017-05,TQQQ,TQQQ,MATCH
DM6_SGLD_T1_Qj_L0247,シン白虎-激攻,2017-06,TQQQ,TQQQ,MATCH
DM6_SGLD_T1_Qj_L0247,シン白虎-激攻,2017-07,TQQQ,TQQQ,MATCH
DM6_SGLD_T1_Qj_L0247,シン白虎-激攻,2017-08,TQQQ,TQQQ,MATCH
DM6_SGLD_T1_Qj_L0247,シン白虎-激攻,2017-09,TQQQ,TQQQ,MATCH
DM6_SGLD_T1_Qj_L0247,シン白虎-激攻,2017-10,GLD,TECL,MISMATCH
DM6_SGLD_T1_Qj_L0247,シン白虎-激攻,2017-11,GLD,TECL,MISMATCH
DM6_SGLD_T1_Qj_L0247,シン白虎-激攻,2017-12,GLD,TECL,MISMATCH
DM6_SGLD_T1_Qj_L0247,シン白虎-激攻,2018-01,TECL,TECL,MATCH
DM6_SGLD_T1_Qj_L0247,シン白虎-激攻,2018-02,TECL,TECL,MATCH
DM6_SGLD_T1_Qj_L0247,シン白虎-激攻,2018-03,TECL,TECL,MATCH
DM6_SGLD_T1_Qj_L0247,シン白虎-激攻,2018-04,TQQQ,TQQQ,MATCH
DM6_SGLD_T1_Qj_L0247,シン白虎-激攻,2018-05,TQQQ,TQQQ,MATCH
DM6_SGLD_T1_Qj_L0247,シン白虎-激攻,2018-06,TQQQ,TQQQ,MATCH
DM6_SGLD_T1_Qj_L0247,シン白虎-激攻,2018-07,GLD,TECL,MISMATCH
DM6_SGLD_T1_Qj_L0247,シン白虎-激攻,2018-08,GLD,TECL,MISMATCH
DM6_SGLD_T1_Qj_L0247,シン白虎-激攻,2018-09,GLD,TECL,MISMATCH
DM6_SGLD_T1_Qj_L0247,シン白虎-激攻,2018-10,GLD,GLD,MATCH
DM6_SGLD_T1_Qj_L0247,シン白虎-激攻,2018-11,GLD,GLD,MATCH
DM6_SGLD_T1_Qj_L0247,シン白虎-激攻,2018-12,GLD,GLD,MATCH
DM6_SGLD_T1_Qj_L0247,シン白虎-激攻,2019-01,TQQQ,TQQQ,MATCH
DM6_SGLD_T1_Qj_L0247,シン白虎-激攻,2019-02,TQQQ,TQQQ,MATCH
DM6_SGLD_T1_Qj_L0247,シン白虎-激攻,2019-03,TQQQ,TQQQ,MATCH
DM6_SGLD_T1_Qj_L0247,シン白虎-激攻,2019-04,GLD,GLD,MATCH
DM6_SGLD_T1_Qj_L0247,シン白虎-激攻,2019-05,GLD,GLD,MATCH
DM6_SGLD_T1_Qj_L0247,シン白虎-激攻,2019-06,GLD,GLD,MATCH
DM6_SGLD_T1_Qj_L0247,シン白虎-激攻,2019-07,GLD,TECL,MISMATCH
DM6_SGLD_T1_Qj_L0247,シン白虎-激攻,2019-08,GLD,TECL,MISMATCH
DM6_SGLD_T1_Qj_L0247,シン白虎-激攻,2019-09,GLD,TECL,MISMATCH
DM6_SGLD_T1_Qj_L0247,シン白虎-激攻,2019-10,GLD,GLD,MATCH
DM6_SGLD_T1_Qj_L0247,シン白虎-激攻,2019-11,GLD,GLD,MATCH
DM6_SGLD_T1_Qj_L0247,シン白虎-激攻,2019-12,GLD,GLD,MATCH
DM6_SGLD_T1_Qj_L0247,シン白虎-激攻,2020-01,GLD,GLD,MATCH
DM6_SGLD_T1_Qj_L0247,シン白虎-激攻,2020-02,GLD,GLD,MATCH
DM6_SGLD_T1_Qj_L0247,シン白虎-激攻,2020-03,GLD,GLD,MATCH
DM6_SGLD_T1_Qj_L0247,シン白虎-激攻,2020-04,TQQQ,TQQQ,MATCH
DM6_SGLD_T1_Qj_L0247,シン白虎-激攻,2020-05,TQQQ,TQQQ,MATCH
DM6_SGLD_T1_Qj_L0247,シン白虎-激攻,2020-06,TQQQ,TQQQ,MATCH
DM6_SGLD_T1_Qj_L0247,シン白虎-激攻,2020-07,GLD,GLD,MATCH
DM6_SGLD_T1_Qj_L0247,シン白虎-激攻,2020-08,GLD,GLD,MATCH
DM6_SGLD_T1_Qj_L0247,シン白虎-激攻,2020-09,GLD,GLD,MATCH
DM6_SGLD_T1_Qj_L0247,シン白虎-激攻,2020-10,GLD,GLD,MATCH
DM6_SGLD_T1_Qj_L0247,シン白虎-激攻,2020-11,GLD,GLD,MATCH
DM6_SGLD_T1_Qj_L0247,シン白虎-激攻,2020-12,GLD,GLD,MATCH
DM6_SGLD_T1_Qj_L0247,シン白虎-激攻,2021-01,GLD,GLD,MATCH
DM6_SGLD_T1_Qj_L0247,シン白虎-激攻,2021-02,GLD,GLD,MATCH
DM6_SGLD_T1_Qj_L0247,シン白虎-激攻,2021-03,GLD,GLD,MATCH
DM6_SGLD_T1_Qj_L0247,シン白虎-激攻,2021-04,GLD,GLD,MATCH
DM6_SGLD_T1_Qj_L0247,シン白虎-激攻,2021-05,GLD,GLD,MATCH
DM6_SGLD_T1_Qj_L0247,シン白虎-激攻,2021-06,GLD,GLD,MATCH
DM6_SGLD_T1_Qj_L0247,シン白虎-激攻,2021-07,GLD,GLD,MATCH
DM6_SGLD_T1_Qj_L0247,シン白虎-激攻,2021-08,GLD,GLD,MATCH
DM6_SGLD_T1_Qj_L0247,シン白虎-激攻,2021-09,GLD,GLD,MATCH
DM6_SGLD_T1_Qj_L0247,シン白虎-激攻,2021-10,TECL,TECL,MATCH
DM6_SGLD_T1_Qj_L0247,シン白虎-激攻,2021-11,TECL,TECL,MATCH
DM6_SGLD_T1_Qj_L0247,シン白虎-激攻,2021-12,TECL,TECL,MATCH
DM6_SGLD_T1_Qj_L0247,シン白虎-激攻,2022-01,GLD,GLD,MATCH
DM6_SGLD_T1_Qj_L0247,シン白虎-激攻,2022-02,GLD,GLD,MATCH
DM6_SGLD_T1_Qj_L0247,シン白虎-激攻,2022-03,GLD,GLD,MATCH
DM6_SGLD_T1_Qj_L0247,シン白虎-激攻,2022-04,GLD,GLD,MATCH
DM6_SGLD_T1_Qj_L0247,シン白虎-激攻,2022-05,GLD,GLD,MATCH
DM6_SGLD_T1_Qj_L0247,シン白虎-激攻,2022-06,GLD,GLD,MATCH
DM6_SGLD_T1_Qj_L0247,シン白虎-激攻,2022-07,GLD,GLD,MATCH
DM6_SGLD_T1_Qj_L0247,シン白虎-激攻,2022-08,GLD,GLD,MATCH
DM6_SGLD_T1_Qj_L0247,シン白虎-激攻,2022-09,GLD,GLD,MATCH
DM6_SGLD_T1_Qj_L0247,シン白虎-激攻,2022-10,TQQQ,TQQQ,MATCH
DM6_SGLD_T1_Qj_L0247,シン白虎-激攻,2022-11,TQQQ,TQQQ,MATCH
DM6_SGLD_T1_Qj_L0247,シン白虎-激攻,2022-12,TQQQ,TQQQ,MATCH
DM6_SGLD_T1_Qj_L0247,シン白虎-激攻,2023-01,GLD,GLD,MATCH
DM6_SGLD_T1_Qj_L0247,シン白虎-激攻,2023-02,GLD,GLD,MATCH
DM6_SGLD_T1_Qj_L0247,シン白虎-激攻,2023-03,GLD,GLD,MATCH
DM6_SGLD_T1_Qj_L0247,シン白虎-激攻,2023-04,GLD,GLD,MATCH
DM6_SGLD_T1_Qj_L0247,シン白虎-激攻,2023-05,GLD,GLD,MATCH
DM6_SGLD_T1_Qj_L0247,シン白虎-激攻,2023-06,GLD,GLD,MATCH
DM6_SGLD_T1_Qj_L0247,シン白虎-激攻,2023-07,GLD,GLD,MATCH
DM6_SGLD_T1_Qj_L0247,シン白虎-激攻,2023-08,GLD,GLD,MATCH
DM6_SGLD_T1_Qj_L0247,シン白虎-激攻,2023-09,GLD,GLD,MATCH
DM6_SGLD_T1_Qj_L0247,シン白虎-激攻,2023-10,TQQQ,GLD,MISMATCH
DM6_SGLD_T1_Qj_L0247,シン白虎-激攻,2023-11,TQQQ,GLD,MISMATCH
DM6_SGLD_T1_Qj_L0247,シン白虎-激攻,2023-12,TQQQ,GLD,MISMATCH
DM6_SGLD_T1_Qj_L0247,シン白虎-激攻,2024-01,GLD,GLD,MATCH
DM6_SGLD_T1_Qj_L0247,シン白虎-激攻,2024-02,GLD,GLD,MATCH
DM6_SGLD_T1_Qj_L0247,シン白虎-激攻,2024-03,GLD,GLD,MATCH
DM6_SGLD_T1_Qj_L0247,シン白虎-激攻,2024-04,GLD,GLD,MATCH
DM6_SGLD_T1_Qj_L0247,シン白虎-激攻,2024-05,GLD,GLD,MATCH
DM6_SGLD_T1_Qj_L0247,シン白虎-激攻,2024-06,GLD,GLD,MATCH
DM6_SGLD_T1_Qj_L0247,シン白虎-激攻,2024-07,GLD,GLD,MATCH
DM6_SGLD_T1_Qj_L0247,シン白虎-激攻,2024-08,GLD,GLD,MATCH
DM6_SGLD_T1_Qj_L0247,シン白虎-激攻,2024-09,GLD,GLD,MATCH
DM6_SGLD_T1_Qj_L0247,シン白虎-激攻,2024-10,TQQQ,TQQQ,MATCH
DM6_SGLD_T1_Qj_L0247,シン白虎-激攻,2024-11,TQQQ,TQQQ,MATCH
DM6_SGLD_T1_Qj_L0247,シン白虎-激攻,2024-12,TQQQ,TQQQ,MATCH
DM6_SGLD_T1_Qj_L0247,シン白虎-激攻,2025-01,TQQQ,TQQQ,MATCH
DM6_SGLD_T1_Qj_L0247,シン白虎-激攻,2025-02,TQQQ,TQQQ,MATCH
DM6_SGLD_T1_Qj_L0247,シン白虎-激攻,2025-03,TQQQ,TQQQ,MATCH
DM6_SGLD_T1_Qj_L0247,シン白虎-激攻,2025-04,TQQQ,TQQQ,MATCH
DM6_SGLD_T1_Qj_L0247,シン白虎-激攻,2025-05,TQQQ,TQQQ,MATCH
DM6_SGLD_T1_Qj_L0247,シン白虎-激攻,2025-06,TQQQ,TQQQ,MATCH
DM6_SGLD_T1_Qj_L0247,シン白虎-激攻,2025-07,GLD,GLD,MATCH
DM6_SGLD_T1_Qj_L0247,シン白虎-激攻,2025-08,GLD,GLD,MATCH
DM6_SGLD_T1_Qj_L0247,シン白虎-激攻,2025-09,GLD,GLD,MATCH
DM6_SGLD_T1_Qj_L0247,シン白虎-激攻,2025-10,GLD,GLD,MATCH
DM6_SGLD_T1_Qj_L0247,シン白虎-激攻,2025-11,GLD,GLD,MATCH
DM6_SGLD_T1_Qj_L0247,シン白虎-激攻,2025-12,GLD,GLD,MATCH
DM6_SGLD_T1_Qj_L0247,シン白虎-激攻,2026-01,GLD,GLD,MATCH
DM6_SGLD_T2_Qj_L0247,シン白虎-常勝,2012-03,GLD,"TQQQ,TECL",MISMATCH
DM6_SGLD_T2_Qj_L0247,シン白虎-常勝,2012-04,GLD,GLD,MATCH
DM6_SGLD_T2_Qj_L0247,シン白虎-常勝,2012-05,GLD,GLD,MATCH
DM6_SGLD_T2_Qj_L0247,シン白虎-常勝,2012-06,GLD,GLD,MATCH
DM6_SGLD_T2_Qj_L0247,シン白虎-常勝,2012-07,GLD,"TQQQ,TECL",MISMATCH
DM6_SGLD_T2_Qj_L0247,シン白虎-常勝,2012-08,GLD,"TQQQ,TECL",MISMATCH
DM6_SGLD_T2_Qj_L0247,シン白虎-常勝,2012-09,GLD,"TQQQ,TECL",MISMATCH
DM6_SGLD_T2_Qj_L0247,シン白虎-常勝,2012-10,GLD,GLD,MATCH
DM6_SGLD_T2_Qj_L0247,シン白虎-常勝,2012-11,GLD,GLD,MATCH
DM6_SGLD_T2_Qj_L0247,シン白虎-常勝,2012-12,GLD,GLD,MATCH
DM6_SGLD_T2_Qj_L0247,シン白虎-常勝,2013-01,"TECL,TQQQ","TQQQ,TECL",MATCH
DM6_SGLD_T2_Qj_L0247,シン白虎-常勝,2013-02,"TECL,TQQQ","TQQQ,TECL",MATCH
DM6_SGLD_T2_Qj_L0247,シン白虎-常勝,2013-03,"TECL,TQQQ","TQQQ,TECL",MATCH
DM6_SGLD_T2_Qj_L0247,シン白虎-常勝,2013-04,GLD,"TQQQ,TECL",MISMATCH
DM6_SGLD_T2_Qj_L0247,シン白虎-常勝,2013-05,GLD,"TQQQ,TECL",MISMATCH
DM6_SGLD_T2_Qj_L0247,シン白虎-常勝,2013-06,GLD,"TQQQ,TECL",MISMATCH
DM6_SGLD_T2_Qj_L0247,シン白虎-常勝,2013-07,"TECL,TQQQ","TQQQ,TECL",MATCH
DM6_SGLD_T2_Qj_L0247,シン白虎-常勝,2013-08,"TECL,TQQQ","TQQQ,TECL",MATCH
DM6_SGLD_T2_Qj_L0247,シン白虎-常勝,2013-09,"TECL,TQQQ","TQQQ,TECL",MATCH
DM6_SGLD_T2_Qj_L0247,シン白虎-常勝,2013-10,"TECL,TQQQ","TQQQ,TECL",MATCH
DM6_SGLD_T2_Qj_L0247,シン白虎-常勝,2013-11,"TECL,TQQQ","TQQQ,TECL",MATCH
DM6_SGLD_T2_Qj_L0247,シン白虎-常勝,2013-12,"TECL,TQQQ","TQQQ,TECL",MATCH
DM6_SGLD_T2_Qj_L0247,シン白虎-常勝,2014-01,GLD,GLD,MATCH
DM6_SGLD_T2_Qj_L0247,シン白虎-常勝,2014-02,GLD,GLD,MATCH
DM6_SGLD_T2_Qj_L0247,シン白虎-常勝,2014-03,GLD,GLD,MATCH
DM6_SGLD_T2_Qj_L0247,シン白虎-常勝,2014-04,"TECL,TQQQ","TQQQ,TECL",MATCH
DM6_SGLD_T2_Qj_L0247,シン白虎-常勝,2014-05,"TECL,TQQQ","TQQQ,TECL",MATCH
DM6_SGLD_T2_Qj_L0247,シン白虎-常勝,2014-06,"TECL,TQQQ","TQQQ,TECL",MATCH
DM6_SGLD_T2_Qj_L0247,シン白虎-常勝,2014-07,GLD,GLD,MATCH
DM6_SGLD_T2_Qj_L0247,シン白虎-常勝,2014-08,GLD,GLD,MATCH
DM6_SGLD_T2_Qj_L0247,シン白虎-常勝,2014-09,GLD,GLD,MATCH
DM6_SGLD_T2_Qj_L0247,シン白虎-常勝,2014-10,"TECL,TQQQ","TQQQ,TECL",MATCH
DM6_SGLD_T2_Qj_L0247,シン白虎-常勝,2014-11,"TECL,TQQQ","TQQQ,TECL",MATCH
DM6_SGLD_T2_Qj_L0247,シン白虎-常勝,2014-12,"TECL,TQQQ","TQQQ,TECL",MATCH
DM6_SGLD_T2_Qj_L0247,シン白虎-常勝,2015-01,"TECL,TQQQ","TQQQ,TECL",MATCH
DM6_SGLD_T2_Qj_L0247,シン白虎-常勝,2015-02,"TECL,TQQQ","TQQQ,TECL",MATCH
DM6_SGLD_T2_Qj_L0247,シン白虎-常勝,2015-03,"TECL,TQQQ","TQQQ,TECL",MATCH
DM6_SGLD_T2_Qj_L0247,シン白虎-常勝,2015-04,"TECL,TQQQ","TQQQ,TECL",MATCH
DM6_SGLD_T2_Qj_L0247,シン白虎-常勝,2015-05,"TECL,TQQQ","TQQQ,TECL",MATCH
DM6_SGLD_T2_Qj_L0247,シン白虎-常勝,2015-06,"TECL,TQQQ","TQQQ,TECL",MATCH
DM6_SGLD_T2_Qj_L0247,シン白虎-常勝,2015-07,"TECL,TQQQ","TQQQ,TECL",MATCH
DM6_SGLD_T2_Qj_L0247,シン白虎-常勝,2015-08,"TECL,TQQQ","TQQQ,TECL",MATCH
DM6_SGLD_T2_Qj_L0247,シン白虎-常勝,2015-09,"TECL,TQQQ","TQQQ,TECL",MATCH
DM6_SGLD_T2_Qj_L0247,シン白虎-常勝,2015-10,"TECL,TQQQ","TQQQ,TECL",MATCH
DM6_SGLD_T2_Qj_L0247,シン白虎-常勝,2015-11,"TECL,TQQQ","TQQQ,TECL",MATCH
DM6_SGLD_T2_Qj_L0247,シン白虎-常勝,2015-12,"TECL,TQQQ","TQQQ,TECL",MATCH
DM6_SGLD_T2_Qj_L0247,シン白虎-常勝,2016-01,GLD,GLD,MATCH
DM6_SGLD_T2_Qj_L0247,シン白虎-常勝,2016-02,GLD,GLD,MATCH
DM6_SGLD_T2_Qj_L0247,シン白虎-常勝,2016-03,GLD,GLD,MATCH
DM6_SGLD_T2_Qj_L0247,シン白虎-常勝,2016-04,GLD,GLD,MATCH
DM6_SGLD_T2_Qj_L0247,シン白虎-常勝,2016-05,GLD,GLD,MATCH
DM6_SGLD_T2_Qj_L0247,シン白虎-常勝,2016-06,GLD,GLD,MATCH
DM6_SGLD_T2_Qj_L0247,シン白虎-常勝,2016-07,"TECL,TQQQ","TQQQ,TECL",MATCH
DM6_SGLD_T2_Qj_L0247,シン白虎-常勝,2016-08,"TECL,TQQQ","TQQQ,TECL",MATCH
DM6_SGLD_T2_Qj_L0247,シン白虎-常勝,2016-09,"TECL,TQQQ","TQQQ,TECL",MATCH
DM6_SGLD_T2_Qj_L0247,シン白虎-常勝,2016-10,GLD,GLD,MATCH
DM6_SGLD_T2_Qj_L0247,シン白虎-常勝,2016-11,GLD,GLD,MATCH
DM6_SGLD_T2_Qj_L0247,シン白虎-常勝,2016-12,GLD,GLD,MATCH
DM6_SGLD_T2_Qj_L0247,シン白虎-常勝,2017-01,"TECL,TQQQ",GLD,MISMATCH
DM6_SGLD_T2_Qj_L0247,シン白虎-常勝,2017-02,"TECL,TQQQ",GLD,MISMATCH
DM6_SGLD_T2_Qj_L0247,シン白虎-常勝,2017-03,"TECL,TQQQ",GLD,MISMATCH
DM6_SGLD_T2_Qj_L0247,シン白虎-常勝,2017-04,"TECL,TQQQ","TQQQ,TECL",MATCH
DM6_SGLD_T2_Qj_L0247,シン白虎-常勝,2017-05,"TECL,TQQQ","TQQQ,TECL",MATCH
DM6_SGLD_T2_Qj_L0247,シン白虎-常勝,2017-06,"TECL,TQQQ","TQQQ,TECL",MATCH
DM6_SGLD_T2_Qj_L0247,シン白虎-常勝,2017-07,"TECL,TQQQ","TQQQ,TECL",MATCH
DM6_SGLD_T2_Qj_L0247,シン白虎-常勝,2017-08,"TECL,TQQQ","TQQQ,TECL",MATCH
DM6_SGLD_T2_Qj_L0247,シン白虎-常勝,2017-09,"TECL,TQQQ","TQQQ,TECL",MATCH
DM6_SGLD_T2_Qj_L0247,シン白虎-常勝,2017-10,GLD,"TQQQ,TECL",MISMATCH
DM6_SGLD_T2_Qj_L0247,シン白虎-常勝,2017-11,GLD,"TQQQ,TECL",MISMATCH
DM6_SGLD_T2_Qj_L0247,シン白虎-常勝,2017-12,GLD,"TQQQ,TECL",MISMATCH
DM6_SGLD_T2_Qj_L0247,シン白虎-常勝,2018-01,"TECL,TQQQ","TQQQ,TECL",MATCH
DM6_SGLD_T2_Qj_L0247,シン白虎-常勝,2018-02,"TECL,TQQQ","TQQQ,TECL",MATCH
DM6_SGLD_T2_Qj_L0247,シン白虎-常勝,2018-03,"TECL,TQQQ","TQQQ,TECL",MATCH
DM6_SGLD_T2_Qj_L0247,シン白虎-常勝,2018-04,"TECL,TQQQ","TQQQ,TECL",MATCH
DM6_SGLD_T2_Qj_L0247,シン白虎-常勝,2018-05,"TECL,TQQQ","TQQQ,TECL",MATCH
DM6_SGLD_T2_Qj_L0247,シン白虎-常勝,2018-06,"TECL,TQQQ","TQQQ,TECL",MATCH
DM6_SGLD_T2_Qj_L0247,シン白虎-常勝,2018-07,GLD,"TQQQ,TECL",MISMATCH
DM6_SGLD_T2_Qj_L0247,シン白虎-常勝,2018-08,GLD,"TQQQ,TECL",MISMATCH
DM6_SGLD_T2_Qj_L0247,シン白虎-常勝,2018-09,GLD,"TQQQ,TECL",MISMATCH
DM6_SGLD_T2_Qj_L0247,シン白虎-常勝,2018-10,GLD,GLD,MATCH
DM6_SGLD_T2_Qj_L0247,シン白虎-常勝,2018-11,GLD,GLD,MATCH
DM6_SGLD_T2_Qj_L0247,シン白虎-常勝,2018-12,GLD,GLD,MATCH
DM6_SGLD_T2_Qj_L0247,シン白虎-常勝,2019-01,"TECL,TQQQ","TQQQ,TECL",MATCH
DM6_SGLD_T2_Qj_L0247,シン白虎-常勝,2019-02,"TECL,TQQQ","TQQQ,TECL",MATCH
DM6_SGLD_T2_Qj_L0247,シン白虎-常勝,2019-03,"TECL,TQQQ","TQQQ,TECL",MATCH
DM6_SGLD_T2_Qj_L0247,シン白虎-常勝,2019-04,GLD,GLD,MATCH
DM6_SGLD_T2_Qj_L0247,シン白虎-常勝,2019-05,GLD,GLD,MATCH
DM6_SGLD_T2_Qj_L0247,シン白虎-常勝,2019-06,GLD,GLD,MATCH
DM6_SGLD_T2_Qj_L0247,シン白虎-常勝,2019-07,GLD,"TQQQ,TECL",MISMATCH
DM6_SGLD_T2_Qj_L0247,シン白虎-常勝,2019-08,GLD,"TQQQ,TECL",MISMATCH
DM6_SGLD_T2_Qj_L0247,シン白虎-常勝,2019-09,GLD,"TQQQ,TECL",MISMATCH
DM6_SGLD_T2_Qj_L0247,シン白虎-常勝,2019-10,GLD,GLD,MATCH
DM6_SGLD_T2_Qj_L0247,シン白虎-常勝,2019-11,GLD,GLD,MATCH
DM6_SGLD_T2_Qj_L0247,シン白虎-常勝,2019-12,GLD,GLD,MATCH
DM6_SGLD_T2_Qj_L0247,シン白虎-常勝,2020-01,GLD,GLD,MATCH
DM6_SGLD_T2_Qj_L0247,シン白虎-常勝,2020-02,GLD,GLD,MATCH
DM6_SGLD_T2_Qj_L0247,シン白虎-常勝,2020-03,GLD,GLD,MATCH
DM6_SGLD_T2_Qj_L0247,シン白虎-常勝,2020-04,"TECL,TQQQ","TQQQ,TECL",MATCH
DM6_SGLD_T2_Qj_L0247,シン白虎-常勝,2020-05,"TECL,TQQQ","TQQQ,TECL",MATCH
DM6_SGLD_T2_Qj_L0247,シン白虎-常勝,2020-06,"TECL,TQQQ","TQQQ,TECL",MATCH
DM6_SGLD_T2_Qj_L0247,シン白虎-常勝,2020-07,GLD,GLD,MATCH
DM6_SGLD_T2_Qj_L0247,シン白虎-常勝,2020-08,GLD,GLD,MATCH
DM6_SGLD_T2_Qj_L0247,シン白虎-常勝,2020-09,GLD,GLD,MATCH
DM6_SGLD_T2_Qj_L0247,シン白虎-常勝,2020-10,GLD,GLD,MATCH
DM6_SGLD_T2_Qj_L0247,シン白虎-常勝,2020-11,GLD,GLD,MATCH
DM6_SGLD_T2_Qj_L0247,シン白虎-常勝,2020-12,GLD,GLD,MATCH
DM6_SGLD_T2_Qj_L0247,シン白虎-常勝,2021-01,GLD,GLD,MATCH
DM6_SGLD_T2_Qj_L0247,シン白虎-常勝,2021-02,GLD,GLD,MATCH
DM6_SGLD_T2_Qj_L0247,シン白虎-常勝,2021-03,GLD,GLD,MATCH
DM6_SGLD_T2_Qj_L0247,シン白虎-常勝,2021-04,GLD,GLD,MATCH
DM6_SGLD_T2_Qj_L0247,シン白虎-常勝,2021-05,GLD,GLD,MATCH
DM6_SGLD_T2_Qj_L0247,シン白虎-常勝,2021-06,GLD,GLD,MATCH
DM6_SGLD_T2_Qj_L0247,シン白虎-常勝,2021-07,GLD,GLD,MATCH
DM6_SGLD_T2_Qj_L0247,シン白虎-常勝,2021-08,GLD,GLD,MATCH
DM6_SGLD_T2_Qj_L0247,シン白虎-常勝,2021-09,GLD,GLD,MATCH
DM6_SGLD_T2_Qj_L0247,シン白虎-常勝,2021-10,"TECL,TQQQ","TQQQ,TECL",MATCH
DM6_SGLD_T2_Qj_L0247,シン白虎-常勝,2021-11,"TECL,TQQQ","TQQQ,TECL",MATCH
DM6_SGLD_T2_Qj_L0247,シン白虎-常勝,2021-12,"TECL,TQQQ","TQQQ,TECL",MATCH
DM6_SGLD_T2_Qj_L0247,シン白虎-常勝,2022-01,GLD,GLD,MATCH
DM6_SGLD_T2_Qj_L0247,シン白虎-常勝,2022-02,GLD,GLD,MATCH
DM6_SGLD_T2_Qj_L0247,シン白虎-常勝,2022-03,GLD,GLD,MATCH
DM6_SGLD_T2_Qj_L0247,シン白虎-常勝,2022-04,GLD,GLD,MATCH
DM6_SGLD_T2_Qj_L0247,シン白虎-常勝,2022-05,GLD,GLD,MATCH
DM6_SGLD_T2_Qj_L0247,シン白虎-常勝,2022-06,GLD,GLD,MATCH
DM6_SGLD_T2_Qj_L0247,シン白虎-常勝,2022-07,GLD,GLD,MATCH
DM6_SGLD_T2_Qj_L0247,シン白虎-常勝,2022-08,GLD,GLD,MATCH
DM6_SGLD_T2_Qj_L0247,シン白虎-常勝,2022-09,GLD,GLD,MATCH
DM6_SGLD_T2_Qj_L0247,シン白虎-常勝,2022-10,"TECL,TQQQ","TQQQ,TECL",MATCH
DM6_SGLD_T2_Qj_L0247,シン白虎-常勝,2022-11,"TECL,TQQQ","TQQQ,TECL",MATCH
DM6_SGLD_T2_Qj_L0247,シン白虎-常勝,2022-12,"TECL,TQQQ","TQQQ,TECL",MATCH
DM6_SGLD_T2_Qj_L0247,シン白虎-常勝,2023-01,GLD,GLD,MATCH
DM6_SGLD_T2_Qj_L0247,シン白虎-常勝,2023-02,GLD,GLD,MATCH
DM6_SGLD_T2_Qj_L0247,シン白虎-常勝,2023-03,GLD,GLD,MATCH
DM6_SGLD_T2_Qj_L0247,シン白虎-常勝,2023-04,GLD,GLD,MATCH
DM6_SGLD_T2_Qj_L0247,シン白虎-常勝,2023-05,GLD,GLD,MATCH
DM6_SGLD_T2_Qj_L0247,シン白虎-常勝,2023-06,GLD,GLD,MATCH
DM6_SGLD_T2_Qj_L0247,シン白虎-常勝,2023-07,GLD,GLD,MATCH
DM6_SGLD_T2_Qj_L0247,シン白虎-常勝,2023-08,GLD,GLD,MATCH
DM6_SGLD_T2_Qj_L0247,シン白虎-常勝,2023-09,GLD,GLD,MATCH
DM6_SGLD_T2_Qj_L0247,シン白虎-常勝,2023-10,"TECL,TQQQ",GLD,MISMATCH
DM6_SGLD_T2_Qj_L0247,シン白虎-常勝,2023-11,"TECL,TQQQ",GLD,MISMATCH
DM6_SGLD_T2_Qj_L0247,シン白虎-常勝,2023-12,"TECL,TQQQ",GLD,MISMATCH
DM6_SGLD_T2_Qj_L0247,シン白虎-常勝,2024-01,GLD,GLD,MATCH
DM6_SGLD_T2_Qj_L0247,シン白虎-常勝,2024-02,GLD,GLD,MATCH
DM6_SGLD_T2_Qj_L0247,シン白虎-常勝,2024-03,GLD,GLD,MATCH
DM6_SGLD_T2_Qj_L0247,シン白虎-常勝,2024-04,GLD,GLD,MATCH
DM6_SGLD_T2_Qj_L0247,シン白虎-常勝,2024-05,GLD,GLD,MATCH
DM6_SGLD_T2_Qj_L0247,シン白虎-常勝,2024-06,GLD,GLD,MATCH
DM6_SGLD_T2_Qj_L0247,シン白虎-常勝,2024-07,GLD,GLD,MATCH
DM6_SGLD_T2_Qj_L0247,シン白虎-常勝,2024-08,GLD,GLD,MATCH
DM6_SGLD_T2_Qj_L0247,シン白虎-常勝,2024-09,GLD,GLD,MATCH
DM6_SGLD_T2_Qj_L0247,シン白虎-常勝,2024-10,"TECL,TQQQ","TQQQ,TECL",MATCH
DM6_SGLD_T2_Qj_L0247,シン白虎-常勝,2024-11,"TECL,TQQQ","TQQQ,TECL",MATCH
DM6_SGLD_T2_Qj_L0247,シン白虎-常勝,2024-12,"TECL,TQQQ","TQQQ,TECL",MATCH
DM6_SGLD_T2_Qj_L0247,シン白虎-常勝,2025-01,"TECL,TQQQ","TQQQ,TECL",MATCH
DM6_SGLD_T2_Qj_L0247,シン白虎-常勝,2025-02,"TECL,TQQQ","TQQQ,TECL",MATCH
DM6_SGLD_T2_Qj_L0247,シン白虎-常勝,2025-03,"TECL,TQQQ","TQQQ,TECL",MATCH
DM6_SGLD_T2_Qj_L0247,シン白虎-常勝,2025-04,"TECL,TQQQ","TQQQ,TECL",MATCH
DM6_SGLD_T2_Qj_L0247,シン白虎-常勝,2025-05,"TECL,TQQQ","TQQQ,TECL",MATCH
DM6_SGLD_T2_Qj_L0247,シン白虎-常勝,2025-06,"TECL,TQQQ","TQQQ,TECL",MATCH
DM6_SGLD_T2_Qj_L0247,シン白虎-常勝,2025-07,GLD,GLD,MATCH
DM6_SGLD_T2_Qj_L0247,シン白虎-常勝,2025-08,GLD,GLD,MATCH
DM6_SGLD_T2_Qj_L0247,シン白虎-常勝,2025-09,GLD,GLD,MATCH
DM6_SGLD_T2_Qj_L0247,シン白虎-常勝,2025-10,GLD,GLD,MATCH
DM6_SGLD_T2_Qj_L0247,シン白虎-常勝,2025-11,GLD,GLD,MATCH
DM6_SGLD_T2_Qj_L0247,シン白虎-常勝,2025-12,GLD,GLD,MATCH
DM6_SGLD_T2_Qj_L0247,シン白虎-常勝,2026-01,GLD,GLD,MATCH
DM6_SGLD_T1_Qj_L0713,シン白虎-鉄壁,2012-03,GLD,TECL,MISMATCH
DM6_SGLD_T1_Qj_L0713,シン白虎-鉄壁,2012-04,GLD,GLD,MATCH
DM6_SGLD_T1_Qj_L0713,シン白虎-鉄壁,2012-05,GLD,GLD,MATCH
DM6_SGLD_T1_Qj_L0713,シン白虎-鉄壁,2012-06,GLD,GLD,MATCH
DM6_SGLD_T1_Qj_L0713,シン白虎-鉄壁,2012-07,GLD,TQQQ,MISMATCH
DM6_SGLD_T1_Qj_L0713,シン白虎-鉄壁,2012-08,GLD,TQQQ,MISMATCH
DM6_SGLD_T1_Qj_L0713,シン白虎-鉄壁,2012-09,GLD,TQQQ,MISMATCH
DM6_SGLD_T1_Qj_L0713,シン白虎-鉄壁,2012-10,GLD,TQQQ,MISMATCH
DM6_SGLD_T1_Qj_L0713,シン白虎-鉄壁,2012-11,GLD,TQQQ,MISMATCH
DM6_SGLD_T1_Qj_L0713,シン白虎-鉄壁,2012-12,GLD,TQQQ,MISMATCH
DM6_SGLD_T1_Qj_L0713,シン白虎-鉄壁,2013-01,TQQQ,TQQQ,MATCH
DM6_SGLD_T1_Qj_L0713,シン白虎-鉄壁,2013-02,TQQQ,TQQQ,MATCH
DM6_SGLD_T1_Qj_L0713,シン白虎-鉄壁,2013-03,TQQQ,TQQQ,MATCH
DM6_SGLD_T1_Qj_L0713,シン白虎-鉄壁,2013-04,GLD,GLD,MATCH
DM6_SGLD_T1_Qj_L0713,シン白虎-鉄壁,2013-05,GLD,GLD,MATCH
DM6_SGLD_T1_Qj_L0713,シン白虎-鉄壁,2013-06,GLD,GLD,MATCH
DM6_SGLD_T1_Qj_L0713,シン白虎-鉄壁,2013-07,TQQQ,TQQQ,MATCH
DM6_SGLD_T1_Qj_L0713,シン白虎-鉄壁,2013-08,TQQQ,TQQQ,MATCH
DM6_SGLD_T1_Qj_L0713,シン白虎-鉄壁,2013-09,TQQQ,TQQQ,MATCH
DM6_SGLD_T1_Qj_L0713,シン白虎-鉄壁,2013-10,TQQQ,TQQQ,MATCH
DM6_SGLD_T1_Qj_L0713,シン白虎-鉄壁,2013-11,TQQQ,TQQQ,MATCH
DM6_SGLD_T1_Qj_L0713,シン白虎-鉄壁,2013-12,TQQQ,TQQQ,MATCH
DM6_SGLD_T1_Qj_L0713,シン白虎-鉄壁,2014-01,TQQQ,TQQQ,MATCH
DM6_SGLD_T1_Qj_L0713,シン白虎-鉄壁,2014-02,TQQQ,TQQQ,MATCH
DM6_SGLD_T1_Qj_L0713,シン白虎-鉄壁,2014-03,TQQQ,TQQQ,MATCH
DM6_SGLD_T1_Qj_L0713,シン白虎-鉄壁,2014-04,GLD,GLD,MATCH
DM6_SGLD_T1_Qj_L0713,シン白虎-鉄壁,2014-05,GLD,GLD,MATCH
DM6_SGLD_T1_Qj_L0713,シン白虎-鉄壁,2014-06,GLD,GLD,MATCH
DM6_SGLD_T1_Qj_L0713,シン白虎-鉄壁,2014-07,GLD,GLD,MATCH
DM6_SGLD_T1_Qj_L0713,シン白虎-鉄壁,2014-08,GLD,GLD,MATCH
DM6_SGLD_T1_Qj_L0713,シン白虎-鉄壁,2014-09,GLD,GLD,MATCH
DM6_SGLD_T1_Qj_L0713,シン白虎-鉄壁,2014-10,TQQQ,TQQQ,MATCH
DM6_SGLD_T1_Qj_L0713,シン白虎-鉄壁,2014-11,TQQQ,TQQQ,MATCH
DM6_SGLD_T1_Qj_L0713,シン白虎-鉄壁,2014-12,TQQQ,TQQQ,MATCH
DM6_SGLD_T1_Qj_L0713,シン白虎-鉄壁,2015-01,TQQQ,TQQQ,MATCH
DM6_SGLD_T1_Qj_L0713,シン白虎-鉄壁,2015-02,TQQQ,TQQQ,MATCH
DM6_SGLD_T1_Qj_L0713,シン白虎-鉄壁,2015-03,TQQQ,TQQQ,MATCH
DM6_SGLD_T1_Qj_L0713,シン白虎-鉄壁,2015-04,GLD,GLD,MATCH
DM6_SGLD_T1_Qj_L0713,シン白虎-鉄壁,2015-05,GLD,GLD,MATCH
DM6_SGLD_T1_Qj_L0713,シン白虎-鉄壁,2015-06,GLD,GLD,MATCH
DM6_SGLD_T1_Qj_L0713,シン白虎-鉄壁,2015-07,TQQQ,TQQQ,MATCH
DM6_SGLD_T1_Qj_L0713,シン白虎-鉄壁,2015-08,TQQQ,TQQQ,MATCH
DM6_SGLD_T1_Qj_L0713,シン白虎-鉄壁,2015-09,TQQQ,TQQQ,MATCH
DM6_SGLD_T1_Qj_L0713,シン白虎-鉄壁,2015-10,TECL,TECL,MATCH
DM6_SGLD_T1_Qj_L0713,シン白虎-鉄壁,2015-11,TECL,TECL,MATCH
DM6_SGLD_T1_Qj_L0713,シン白虎-鉄壁,2015-12,TECL,TECL,MATCH
DM6_SGLD_T1_Qj_L0713,シン白虎-鉄壁,2016-01,TECL,TECL,MATCH
DM6_SGLD_T1_Qj_L0713,シン白虎-鉄壁,2016-02,TECL,TECL,MATCH
DM6_SGLD_T1_Qj_L0713,シン白虎-鉄壁,2016-03,TECL,TECL,MATCH
DM6_SGLD_T1_Qj_L0713,シン白虎-鉄壁,2016-04,GLD,GLD,MATCH
DM6_SGLD_T1_Qj_L0713,シン白虎-鉄壁,2016-05,GLD,GLD,MATCH
DM6_SGLD_T1_Qj_L0713,シン白虎-鉄壁,2016-06,GLD,GLD,MATCH
DM6_SGLD_T1_Qj_L0713,シン白虎-鉄壁,2016-07,GLD,GLD,MATCH
DM6_SGLD_T1_Qj_L0713,シン白虎-鉄壁,2016-08,GLD,GLD,MATCH
DM6_SGLD_T1_Qj_L0713,シン白虎-鉄壁,2016-09,GLD,GLD,MATCH
DM6_SGLD_T1_Qj_L0713,シン白虎-鉄壁,2016-10,GLD,GLD,MATCH
DM6_SGLD_T1_Qj_L0713,シン白虎-鉄壁,2016-11,GLD,GLD,MATCH
DM6_SGLD_T1_Qj_L0713,シン白虎-鉄壁,2016-12,GLD,GLD,MATCH
DM6_SGLD_T1_Qj_L0713,シン白虎-鉄壁,2017-01,GLD,GLD,MATCH
DM6_SGLD_T1_Qj_L0713,シン白虎-鉄壁,2017-02,GLD,GLD,MATCH
DM6_SGLD_T1_Qj_L0713,シン白虎-鉄壁,2017-03,GLD,GLD,MATCH
DM6_SGLD_T1_Qj_L0713,シン白虎-鉄壁,2017-04,GLD,GLD,MATCH
DM6_SGLD_T1_Qj_L0713,シン白虎-鉄壁,2017-05,GLD,GLD,MATCH
DM6_SGLD_T1_Qj_L0713,シン白虎-鉄壁,2017-06,GLD,GLD,MATCH
DM6_SGLD_T1_Qj_L0713,シン白虎-鉄壁,2017-07,TQQQ,TQQQ,MATCH
DM6_SGLD_T1_Qj_L0713,シン白虎-鉄壁,2017-08,TQQQ,TQQQ,MATCH
DM6_SGLD_T1_Qj_L0713,シン白虎-鉄壁,2017-09,TQQQ,TQQQ,MATCH
DM6_SGLD_T1_Qj_L0713,シン白虎-鉄壁,2017-10,GLD,GLD,MATCH
DM6_SGLD_T1_Qj_L0713,シン白虎-鉄壁,2017-11,GLD,GLD,MATCH
DM6_SGLD_T1_Qj_L0713,シン白虎-鉄壁,2017-12,GLD,GLD,MATCH
DM6_SGLD_T1_Qj_L0713,シン白虎-鉄壁,2018-01,TECL,TECL,MATCH
DM6_SGLD_T1_Qj_L0713,シン白虎-鉄壁,2018-02,TECL,TECL,MATCH
DM6_SGLD_T1_Qj_L0713,シン白虎-鉄壁,2018-03,TECL,TECL,MATCH
DM6_SGLD_T1_Qj_L0713,シン白虎-鉄壁,2018-04,TQQQ,TECL,MISMATCH
DM6_SGLD_T1_Qj_L0713,シン白虎-鉄壁,2018-05,TQQQ,TECL,MISMATCH
DM6_SGLD_T1_Qj_L0713,シン白虎-鉄壁,2018-06,TQQQ,TECL,MISMATCH
DM6_SGLD_T1_Qj_L0713,シン白虎-鉄壁,2018-07,TQQQ,TECL,MISMATCH
DM6_SGLD_T1_Qj_L0713,シン白虎-鉄壁,2018-08,TQQQ,TECL,MISMATCH
DM6_SGLD_T1_Qj_L0713,シン白虎-鉄壁,2018-09,TQQQ,TECL,MISMATCH
DM6_SGLD_T1_Qj_L0713,シン白虎-鉄壁,2018-10,GLD,GLD,MATCH
DM6_SGLD_T1_Qj_L0713,シン白虎-鉄壁,2018-11,GLD,GLD,MATCH
DM6_SGLD_T1_Qj_L0713,シン白虎-鉄壁,2018-12,GLD,GLD,MATCH
DM6_SGLD_T1_Qj_L0713,シン白虎-鉄壁,2019-01,TQQQ,TQQQ,MATCH
DM6_SGLD_T1_Qj_L0713,シン白虎-鉄壁,2019-02,TQQQ,TQQQ,MATCH
DM6_SGLD_T1_Qj_L0713,シン白虎-鉄壁,2019-03,TQQQ,TQQQ,MATCH
DM6_SGLD_T1_Qj_L0713,シン白虎-鉄壁,2019-04,GLD,GLD,MATCH
DM6_SGLD_T1_Qj_L0713,シン白虎-鉄壁,2019-05,GLD,GLD,MATCH
DM6_SGLD_T1_Qj_L0713,シン白虎-鉄壁,2019-06,GLD,GLD,MATCH
DM6_SGLD_T1_Qj_L0713,シン白虎-鉄壁,2019-07,GLD,TECL,MISMATCH
DM6_SGLD_T1_Qj_L0713,シン白虎-鉄壁,2019-08,GLD,TECL,MISMATCH
DM6_SGLD_T1_Qj_L0713,シン白虎-鉄壁,2019-09,GLD,TECL,MISMATCH
DM6_SGLD_T1_Qj_L0713,シン白虎-鉄壁,2019-10,TECL,TECL,MATCH
DM6_SGLD_T1_Qj_L0713,シン白虎-鉄壁,2019-11,TECL,TECL,MATCH
DM6_SGLD_T1_Qj_L0713,シン白虎-鉄壁,2019-12,TECL,TECL,MATCH
DM6_SGLD_T1_Qj_L0713,シン白虎-鉄壁,2020-01,GLD,GLD,MATCH
DM6_SGLD_T1_Qj_L0713,シン白虎-鉄壁,2020-02,GLD,GLD,MATCH
DM6_SGLD_T1_Qj_L0713,シン白虎-鉄壁,2020-03,GLD,GLD,MATCH
DM6_SGLD_T1_Qj_L0713,シン白虎-鉄壁,2020-04,TQQQ,TQQQ,MATCH
DM6_SGLD_T1_Qj_L0713,シン白虎-鉄壁,2020-05,TQQQ,TQQQ,MATCH
DM6_SGLD_T1_Qj_L0713,シン白虎-鉄壁,2020-06,TQQQ,TQQQ,MATCH
DM6_SGLD_T1_Qj_L0713,シン白虎-鉄壁,2020-07,TQQQ,TQQQ,MATCH
DM6_SGLD_T1_Qj_L0713,シン白虎-鉄壁,2020-08,TQQQ,TQQQ,MATCH
DM6_SGLD_T1_Qj_L0713,シン白虎-鉄壁,2020-09,TQQQ,TQQQ,MATCH
DM6_SGLD_T1_Qj_L0713,シン白虎-鉄壁,2020-10,GLD,GLD,MATCH
DM6_SGLD_T1_Qj_L0713,シン白虎-鉄壁,2020-11,GLD,GLD,MATCH
DM6_SGLD_T1_Qj_L0713,シン白虎-鉄壁,2020-12,GLD,GLD,MATCH
DM6_SGLD_T1_Qj_L0713,シン白虎-鉄壁,2021-01,GLD,GLD,MATCH
DM6_SGLD_T1_Qj_L0713,シン白虎-鉄壁,2021-02,GLD,GLD,MATCH
DM6_SGLD_T1_Qj_L0713,シン白虎-鉄壁,2021-03,GLD,GLD,MATCH
DM6_SGLD_T1_Qj_L0713,シン白虎-鉄壁,2021-04,GLD,GLD,MATCH
DM6_SGLD_T1_Qj_L0713,シン白虎-鉄壁,2021-05,GLD,GLD,MATCH
DM6_SGLD_T1_Qj_L0713,シン白虎-鉄壁,2021-06,GLD,GLD,MATCH
DM6_SGLD_T1_Qj_L0713,シン白虎-鉄壁,2021-07,GLD,GLD,MATCH
DM6_SGLD_T1_Qj_L0713,シン白虎-鉄壁,2021-08,GLD,GLD,MATCH
DM6_SGLD_T1_Qj_L0713,シン白虎-鉄壁,2021-09,GLD,GLD,MATCH
DM6_SGLD_T1_Qj_L0713,シン白虎-鉄壁,2021-10,TECL,TECL,MATCH
DM6_SGLD_T1_Qj_L0713,シン白虎-鉄壁,2021-11,TECL,TECL,MATCH
DM6_SGLD_T1_Qj_L0713,シン白虎-鉄壁,2021-12,TECL,TECL,MATCH
DM6_SGLD_T1_Qj_L0713,シン白虎-鉄壁,2022-01,GLD,GLD,MATCH
DM6_SGLD_T1_Qj_L0713,シン白虎-鉄壁,2022-02,GLD,GLD,MATCH
DM6_SGLD_T1_Qj_L0713,シン白虎-鉄壁,2022-03,GLD,GLD,MATCH
DM6_SGLD_T1_Qj_L0713,シン白虎-鉄壁,2022-04,GLD,GLD,MATCH
DM6_SGLD_T1_Qj_L0713,シン白虎-鉄壁,2022-05,GLD,GLD,MATCH
DM6_SGLD_T1_Qj_L0713,シン白虎-鉄壁,2022-06,GLD,GLD,MATCH
DM6_SGLD_T1_Qj_L0713,シン白虎-鉄壁,2022-07,GLD,GLD,MATCH
DM6_SGLD_T1_Qj_L0713,シン白虎-鉄壁,2022-08,GLD,GLD,MATCH
DM6_SGLD_T1_Qj_L0713,シン白虎-鉄壁,2022-09,GLD,GLD,MATCH
DM6_SGLD_T1_Qj_L0713,シン白虎-鉄壁,2022-10,TQQQ,TQQQ,MATCH
DM6_SGLD_T1_Qj_L0713,シン白虎-鉄壁,2022-11,TQQQ,TQQQ,MATCH
DM6_SGLD_T1_Qj_L0713,シン白虎-鉄壁,2022-12,TQQQ,TQQQ,MATCH
DM6_SGLD_T1_Qj_L0713,シン白虎-鉄壁,2023-01,GLD,GLD,MATCH
DM6_SGLD_T1_Qj_L0713,シン白虎-鉄壁,2023-02,GLD,GLD,MATCH
DM6_SGLD_T1_Qj_L0713,シン白虎-鉄壁,2023-03,GLD,GLD,MATCH
DM6_SGLD_T1_Qj_L0713,シン白虎-鉄壁,2023-04,GLD,GLD,MATCH
DM6_SGLD_T1_Qj_L0713,シン白虎-鉄壁,2023-05,GLD,GLD,MATCH
DM6_SGLD_T1_Qj_L0713,シン白虎-鉄壁,2023-06,GLD,GLD,MATCH
DM6_SGLD_T1_Qj_L0713,シン白虎-鉄壁,2023-07,GLD,GLD,MATCH
DM6_SGLD_T1_Qj_L0713,シン白虎-鉄壁,2023-08,GLD,GLD,MATCH
DM6_SGLD_T1_Qj_L0713,シン白虎-鉄壁,2023-09,GLD,GLD,MATCH
DM6_SGLD_T1_Qj_L0713,シン白虎-鉄壁,2023-10,TQQQ,GLD,MISMATCH
DM6_SGLD_T1_Qj_L0713,シン白虎-鉄壁,2023-11,TQQQ,GLD,MISMATCH
DM6_SGLD_T1_Qj_L0713,シン白虎-鉄壁,2023-12,TQQQ,GLD,MISMATCH
DM6_SGLD_T1_Qj_L0713,シン白虎-鉄壁,2024-01,GLD,GLD,MATCH
DM6_SGLD_T1_Qj_L0713,シン白虎-鉄壁,2024-02,GLD,GLD,MATCH
DM6_SGLD_T1_Qj_L0713,シン白虎-鉄壁,2024-03,GLD,GLD,MATCH
DM6_SGLD_T1_Qj_L0713,シン白虎-鉄壁,2024-04,GLD,GLD,MATCH
DM6_SGLD_T1_Qj_L0713,シン白虎-鉄壁,2024-05,GLD,GLD,MATCH
DM6_SGLD_T1_Qj_L0713,シン白虎-鉄壁,2024-06,GLD,GLD,MATCH
DM6_SGLD_T1_Qj_L0713,シン白虎-鉄壁,2024-07,GLD,GLD,MATCH
DM6_SGLD_T1_Qj_L0713,シン白虎-鉄壁,2024-08,GLD,GLD,MATCH
DM6_SGLD_T1_Qj_L0713,シン白虎-鉄壁,2024-09,GLD,GLD,MATCH
DM6_SGLD_T1_Qj_L0713,シン白虎-鉄壁,2024-10,GLD,GLD,MATCH
DM6_SGLD_T1_Qj_L0713,シン白虎-鉄壁,2024-11,GLD,GLD,MATCH
DM6_SGLD_T1_Qj_L0713,シン白虎-鉄壁,2024-12,GLD,GLD,MATCH
DM6_SGLD_T1_Qj_L0713,シン白虎-鉄壁,2025-01,GLD,GLD,MATCH
DM6_SGLD_T1_Qj_L0713,シン白虎-鉄壁,2025-02,GLD,GLD,MATCH
DM6_SGLD_T1_Qj_L0713,シン白虎-鉄壁,2025-03,GLD,GLD,MATCH
DM6_SGLD_T1_Qj_L0713,シン白虎-鉄壁,2025-04,TQQQ,TQQQ,MATCH
DM6_SGLD_T1_Qj_L0713,シン白虎-鉄壁,2025-05,TQQQ,TQQQ,MATCH
DM6_SGLD_T1_Qj_L0713,シン白虎-鉄壁,2025-06,TQQQ,TQQQ,MATCH
DM6_SGLD_T1_Qj_L0713,シン白虎-鉄壁,2025-07,GLD,GLD,MATCH
DM6_SGLD_T1_Qj_L0713,シン白虎-鉄壁,2025-08,GLD,GLD,MATCH
DM6_SGLD_T1_Qj_L0713,シン白虎-鉄壁,2025-09,GLD,GLD,MATCH
DM6_SGLD_T1_Qj_L0713,シン白虎-鉄壁,2025-10,GLD,GLD,MATCH
DM6_SGLD_T1_Qj_L0713,シン白虎-鉄壁,2025-11,GLD,GLD,MATCH
DM6_SGLD_T1_Qj_L0713,シン白虎-鉄壁,2025-12,GLD,GLD,MATCH
DM6_SGLD_T1_Qj_L0713,シン白虎-鉄壁,2026-01,GLD,GLD,MATCH
DM7P_RXLU_T1_M_L0001,シン玄武-激攻,2012-03,XLU,XLU,MATCH
DM7P_RXLU_T1_M_L0001,シン玄武-激攻,2012-04,XLU,XLU,MATCH
DM7P_RXLU_T1_M_L0001,シン玄武-激攻,2012-05,XLU,XLU,MATCH
DM7P_RXLU_T1_M_L0001,シン玄武-激攻,2012-06,TQQQ,TQQQ,MATCH
DM7P_RXLU_T1_M_L0001,シン玄武-激攻,2012-07,TQQQ,TQQQ,MATCH
DM7P_RXLU_T1_M_L0001,シン玄武-激攻,2012-08,TQQQ,TQQQ,MATCH
DM7P_RXLU_T1_M_L0001,シン玄武-激攻,2012-09,XLU,XLU,MATCH
DM7P_RXLU_T1_M_L0001,シン玄武-激攻,2012-10,XLU,XLU,MATCH
DM7P_RXLU_T1_M_L0001,シン玄武-激攻,2012-11,XLU,XLU,MATCH
DM7P_RXLU_T1_M_L0001,シン玄武-激攻,2012-12,XLU,XLU,MATCH
DM7P_RXLU_T1_M_L0001,シン玄武-激攻,2013-01,XLU,XLU,MATCH
DM7P_RXLU_T1_M_L0001,シン玄武-激攻,2013-02,XLU,XLU,MATCH
DM7P_RXLU_T1_M_L0001,シン玄武-激攻,2013-03,XLU,XLU,MATCH
DM7P_RXLU_T1_M_L0001,シン玄武-激攻,2013-04,XLU,XLU,MATCH
DM7P_RXLU_T1_M_L0001,シン玄武-激攻,2013-05,XLU,XLU,MATCH
DM7P_RXLU_T1_M_L0001,シン玄武-激攻,2013-06,XLU,XLU,MATCH
DM7P_RXLU_T1_M_L0001,シン玄武-激攻,2013-07,XLU,XLU,MATCH
DM7P_RXLU_T1_M_L0001,シン玄武-激攻,2013-08,XLU,XLU,MATCH
DM7P_RXLU_T1_M_L0001,シン玄武-激攻,2013-09,XLU,XLU,MATCH
DM7P_RXLU_T1_M_L0001,シン玄武-激攻,2013-10,XLU,XLU,MATCH
DM7P_RXLU_T1_M_L0001,シン玄武-激攻,2013-11,XLU,XLU,MATCH
DM7P_RXLU_T1_M_L0001,シン玄武-激攻,2013-12,XLU,XLU,MATCH
DM7P_RXLU_T1_M_L0001,シン玄武-激攻,2014-01,XLU,XLU,MATCH
DM7P_RXLU_T1_M_L0001,シン玄武-激攻,2014-02,XLU,XLU,MATCH
DM7P_RXLU_T1_M_L0001,シン玄武-激攻,2014-03,XLU,XLU,MATCH
DM7P_RXLU_T1_M_L0001,シン玄武-激攻,2014-04,XLU,XLU,MATCH
DM7P_RXLU_T1_M_L0001,シン玄武-激攻,2014-05,XLU,XLU,MATCH
DM7P_RXLU_T1_M_L0001,シン玄武-激攻,2014-06,XLU,XLU,MATCH
DM7P_RXLU_T1_M_L0001,シン玄武-激攻,2014-07,XLU,XLU,MATCH
DM7P_RXLU_T1_M_L0001,シン玄武-激攻,2014-08,XLU,XLU,MATCH
DM7P_RXLU_T1_M_L0001,シン玄武-激攻,2014-09,XLU,XLU,MATCH
DM7P_RXLU_T1_M_L0001,シン玄武-激攻,2014-10,XLU,XLU,MATCH
DM7P_RXLU_T1_M_L0001,シン玄武-激攻,2014-11,XLU,XLU,MATCH
DM7P_RXLU_T1_M_L0001,シン玄武-激攻,2014-12,XLU,XLU,MATCH
DM7P_RXLU_T1_M_L0001,シン玄武-激攻,2015-01,XLU,XLU,MATCH
DM7P_RXLU_T1_M_L0001,シン玄武-激攻,2015-02,XLU,XLU,MATCH
DM7P_RXLU_T1_M_L0001,シン玄武-激攻,2015-03,XLU,XLU,MATCH
DM7P_RXLU_T1_M_L0001,シン玄武-激攻,2015-04,XLU,XLU,MATCH
DM7P_RXLU_T1_M_L0001,シン玄武-激攻,2015-05,XLU,XLU,MATCH
DM7P_RXLU_T1_M_L0001,シン玄武-激攻,2015-06,XLU,XLU,MATCH
DM7P_RXLU_T1_M_L0001,シン玄武-激攻,2015-07,XLU,XLU,MATCH
DM7P_RXLU_T1_M_L0001,シン玄武-激攻,2015-08,XLU,XLU,MATCH
DM7P_RXLU_T1_M_L0001,シン玄武-激攻,2015-09,XLU,XLU,MATCH
DM7P_RXLU_T1_M_L0001,シン玄武-激攻,2015-10,TQQQ,TQQQ,MATCH
DM7P_RXLU_T1_M_L0001,シン玄武-激攻,2015-11,XLU,TQQQ,MISMATCH
DM7P_RXLU_T1_M_L0001,シン玄武-激攻,2015-12,XLU,XLU,MATCH
DM7P_RXLU_T1_M_L0001,シン玄武-激攻,2016-01,XLU,XLU,MATCH
DM7P_RXLU_T1_M_L0001,シン玄武-激攻,2016-02,TQQQ,XLU,MISMATCH
DM7P_RXLU_T1_M_L0001,シン玄武-激攻,2016-03,TQQQ,TQQQ,MATCH
DM7P_RXLU_T1_M_L0001,シン玄武-激攻,2016-04,TQQQ,TQQQ,MATCH
DM7P_RXLU_T1_M_L0001,シン玄武-激攻,2016-05,XLU,TQQQ,MISMATCH
DM7P_RXLU_T1_M_L0001,シン玄武-激攻,2016-06,TQQQ,TQQQ,MATCH
DM7P_RXLU_T1_M_L0001,シン玄武-激攻,2016-07,XLU,XLU,MATCH
DM7P_RXLU_T1_M_L0001,シン玄武-激攻,2016-08,XLU,XLU,MATCH
DM7P_RXLU_T1_M_L0001,シン玄武-激攻,2016-09,XLU,XLU,MATCH
DM7P_RXLU_T1_M_L0001,シン玄武-激攻,2016-10,XLU,XLU,MATCH
DM7P_RXLU_T1_M_L0001,シン玄武-激攻,2016-11,TQQQ,TQQQ,MATCH
DM7P_RXLU_T1_M_L0001,シン玄武-激攻,2016-12,XLU,XLU,MATCH
DM7P_RXLU_T1_M_L0001,シン玄武-激攻,2017-01,XLU,XLU,MATCH
DM7P_RXLU_T1_M_L0001,シン玄武-激攻,2017-02,XLU,XLU,MATCH
DM7P_RXLU_T1_M_L0001,シン玄武-激攻,2017-03,XLU,XLU,MATCH
DM7P_RXLU_T1_M_L0001,シン玄武-激攻,2017-04,XLU,XLU,MATCH
DM7P_RXLU_T1_M_L0001,シン玄武-激攻,2017-05,XLU,XLU,MATCH
DM7P_RXLU_T1_M_L0001,シン玄武-激攻,2017-06,XLU,XLU,MATCH
DM7P_RXLU_T1_M_L0001,シン玄武-激攻,2017-07,XLU,XLU,MATCH
DM7P_RXLU_T1_M_L0001,シン玄武-激攻,2017-08,XLU,XLU,MATCH
DM7P_RXLU_T1_M_L0001,シン玄武-激攻,2017-09,XLU,XLU,MATCH
DM7P_RXLU_T1_M_L0001,シン玄武-激攻,2017-10,XLU,XLU,MATCH
DM7P_RXLU_T1_M_L0001,シン玄武-激攻,2017-11,XLU,XLU,MATCH
DM7P_RXLU_T1_M_L0001,シン玄武-激攻,2017-12,XLU,XLU,MATCH
DM7P_RXLU_T1_M_L0001,シン玄武-激攻,2018-01,XLU,XLU,MATCH
DM7P_RXLU_T1_M_L0001,シン玄武-激攻,2018-02,XLU,XLU,MATCH
DM7P_RXLU_T1_M_L0001,シン玄武-激攻,2018-03,XLU,XLU,MATCH
DM7P_RXLU_T1_M_L0001,シン玄武-激攻,2018-04,XLU,XLU,MATCH
DM7P_RXLU_T1_M_L0001,シン玄武-激攻,2018-05,XLU,XLU,MATCH
DM7P_RXLU_T1_M_L0001,シン玄武-激攻,2018-06,XLU,XLU,MATCH
DM7P_RXLU_T1_M_L0001,シン玄武-激攻,2018-07,XLU,XLU,MATCH
DM7P_RXLU_T1_M_L0001,シン玄武-激攻,2018-08,XLU,XLU,MATCH
DM7P_RXLU_T1_M_L0001,シン玄武-激攻,2018-09,XLU,XLU,MATCH
DM7P_RXLU_T1_M_L0001,シン玄武-激攻,2018-10,XLU,XLU,MATCH
DM7P_RXLU_T1_M_L0001,シン玄武-激攻,2018-11,XLU,XLU,MATCH
DM7P_RXLU_T1_M_L0001,シン玄武-激攻,2018-12,XLU,XLU,MATCH
DM7P_RXLU_T1_M_L0001,シン玄武-激攻,2019-01,TQQQ,TQQQ,MATCH
DM7P_RXLU_T1_M_L0001,シン玄武-激攻,2019-02,XLU,XLU,MATCH
DM7P_RXLU_T1_M_L0001,シン玄武-激攻,2019-03,XLU,XLU,MATCH
DM7P_RXLU_T1_M_L0001,シン玄武-激攻,2019-04,XLU,XLU,MATCH
DM7P_RXLU_T1_M_L0001,シン玄武-激攻,2019-05,TQQQ,TQQQ,MATCH
DM7P_RXLU_T1_M_L0001,シン玄武-激攻,2019-06,TQQQ,TQQQ,MATCH
DM7P_RXLU_T1_M_L0001,シン玄武-激攻,2019-07,XLU,TQQQ,MISMATCH
DM7P_RXLU_T1_M_L0001,シン玄武-激攻,2019-08,XLU,XLU,MATCH
DM7P_RXLU_T1_M_L0001,シン玄武-激攻,2019-09,XLU,XLU,MATCH
DM7P_RXLU_T1_M_L0001,シン玄武-激攻,2019-10,XLU,XLU,MATCH
DM7P_RXLU_T1_M_L0001,シン玄武-激攻,2019-11,XLU,XLU,MATCH
DM7P_RXLU_T1_M_L0001,シン玄武-激攻,2019-12,XLU,XLU,MATCH
DM7P_RXLU_T1_M_L0001,シン玄武-激攻,2020-01,XLU,XLU,MATCH
DM7P_RXLU_T1_M_L0001,シン玄武-激攻,2020-02,XLU,XLU,MATCH
DM7P_RXLU_T1_M_L0001,シン玄武-激攻,2020-03,XLU,XLU,MATCH
DM7P_RXLU_T1_M_L0001,シン玄武-激攻,2020-04,TQQQ,TQQQ,MATCH
DM7P_RXLU_T1_M_L0001,シン玄武-激攻,2020-05,TQQQ,TQQQ,MATCH
DM7P_RXLU_T1_M_L0001,シン玄武-激攻,2020-06,TQQQ,TQQQ,MATCH
DM7P_RXLU_T1_M_L0001,シン玄武-激攻,2020-07,TQQQ,TQQQ,MATCH
DM7P_RXLU_T1_M_L0001,シン玄武-激攻,2020-08,TQQQ,TQQQ,MATCH
DM7P_RXLU_T1_M_L0001,シン玄武-激攻,2020-09,XLU,XLU,MATCH
DM7P_RXLU_T1_M_L0001,シン玄武-激攻,2020-10,TQQQ,TQQQ,MATCH
DM7P_RXLU_T1_M_L0001,シン玄武-激攻,2020-11,TQQQ,TQQQ,MATCH
DM7P_RXLU_T1_M_L0001,シン玄武-激攻,2020-12,XLU,XLU,MATCH
DM7P_RXLU_T1_M_L0001,シン玄武-激攻,2021-01,XLU,XLU,MATCH
DM7P_RXLU_T1_M_L0001,シン玄武-激攻,2021-02,XLU,XLU,MATCH
DM7P_RXLU_T1_M_L0001,シン玄武-激攻,2021-03,XLU,XLU,MATCH
DM7P_RXLU_T1_M_L0001,シン玄武-激攻,2021-04,XLU,XLU,MATCH
DM7P_RXLU_T1_M_L0001,シン玄武-激攻,2021-05,XLU,XLU,MATCH
DM7P_RXLU_T1_M_L0001,シン玄武-激攻,2021-06,XLU,XLU,MATCH
DM7P_RXLU_T1_M_L0001,シン玄武-激攻,2021-07,XLU,XLU,MATCH
DM7P_RXLU_T1_M_L0001,シン玄武-激攻,2021-08,XLU,XLU,MATCH
DM7P_RXLU_T1_M_L0001,シン玄武-激攻,2021-09,XLU,XLU,MATCH
DM7P_RXLU_T1_M_L0001,シン玄武-激攻,2021-10,XLU,XLU,MATCH
DM7P_RXLU_T1_M_L0001,シン玄武-激攻,2021-11,XLU,XLU,MATCH
DM7P_RXLU_T1_M_L0001,シン玄武-激攻,2021-12,XLU,XLU,MATCH
DM7P_RXLU_T1_M_L0001,シン玄武-激攻,2022-01,XLU,XLU,MATCH
DM7P_RXLU_T1_M_L0001,シン玄武-激攻,2022-02,XLU,XLU,MATCH
DM7P_RXLU_T1_M_L0001,シン玄武-激攻,2022-03,XLU,XLU,MATCH
DM7P_RXLU_T1_M_L0001,シン玄武-激攻,2022-04,XLU,XLU,MATCH
DM7P_RXLU_T1_M_L0001,シン玄武-激攻,2022-05,XLU,XLU,MATCH
DM7P_RXLU_T1_M_L0001,シン玄武-激攻,2022-06,XLU,XLU,MATCH
DM7P_RXLU_T1_M_L0001,シン玄武-激攻,2022-07,TQQQ,TQQQ,MATCH
DM7P_RXLU_T1_M_L0001,シン玄武-激攻,2022-08,TQQQ,TQQQ,MATCH
DM7P_RXLU_T1_M_L0001,シン玄武-激攻,2022-09,TQQQ,TQQQ,MATCH
DM7P_RXLU_T1_M_L0001,シン玄武-激攻,2022-10,TQQQ,TQQQ,MATCH
DM7P_RXLU_T1_M_L0001,シン玄武-激攻,2022-11,TQQQ,TQQQ,MATCH
DM7P_RXLU_T1_M_L0001,シン玄武-激攻,2022-12,TQQQ,TQQQ,MATCH
DM7P_RXLU_T1_M_L0001,シン玄武-激攻,2023-01,TQQQ,TQQQ,MATCH
DM7P_RXLU_T1_M_L0001,シン玄武-激攻,2023-02,TQQQ,TQQQ,MATCH
DM7P_RXLU_T1_M_L0001,シン玄武-激攻,2023-03,TQQQ,TQQQ,MATCH
DM7P_RXLU_T1_M_L0001,シン玄武-激攻,2023-04,TQQQ,TQQQ,MATCH
DM7P_RXLU_T1_M_L0001,シン玄武-激攻,2023-05,TQQQ,TQQQ,MATCH
DM7P_RXLU_T1_M_L0001,シン玄武-激攻,2023-06,TQQQ,TQQQ,MATCH
DM7P_RXLU_T1_M_L0001,シン玄武-激攻,2023-07,TQQQ,TQQQ,MATCH
DM7P_RXLU_T1_M_L0001,シン玄武-激攻,2023-08,XLU,XLU,MATCH
DM7P_RXLU_T1_M_L0001,シン玄武-激攻,2023-09,XLU,XLU,MATCH
DM7P_RXLU_T1_M_L0001,シン玄武-激攻,2023-10,XLU,XLU,MATCH
DM7P_RXLU_T1_M_L0001,シン玄武-激攻,2023-11,TQQQ,TQQQ,MATCH
DM7P_RXLU_T1_M_L0001,シン玄武-激攻,2023-12,XLU,XLU,MATCH
DM7P_RXLU_T1_M_L0001,シン玄武-激攻,2024-01,XLU,XLU,MATCH
DM7P_RXLU_T1_M_L0001,シン玄武-激攻,2024-02,XLU,XLU,MATCH
DM7P_RXLU_T1_M_L0001,シン玄武-激攻,2024-03,XLU,XLU,MATCH
DM7P_RXLU_T1_M_L0001,シン玄武-激攻,2024-04,XLU,XLU,MATCH
DM7P_RXLU_T1_M_L0001,シン玄武-激攻,2024-05,XLU,XLU,MATCH
DM7P_RXLU_T1_M_L0001,シン玄武-激攻,2024-06,XLU,XLU,MATCH
DM7P_RXLU_T1_M_L0001,シン玄武-激攻,2024-07,XLU,XLU,MATCH
DM7P_RXLU_T1_M_L0001,シン玄武-激攻,2024-08,XLU,XLU,MATCH
DM7P_RXLU_T1_M_L0001,シン玄武-激攻,2024-09,XLU,XLU,MATCH
DM7P_RXLU_T1_M_L0001,シン玄武-激攻,2024-10,XLU,XLU,MATCH
DM7P_RXLU_T1_M_L0001,シン玄武-激攻,2024-11,XLU,XLU,MATCH
DM7P_RXLU_T1_M_L0001,シン玄武-激攻,2024-12,XLU,XLU,MATCH
DM7P_RXLU_T1_M_L0001,シン玄武-激攻,2025-01,XLU,XLU,MATCH
DM7P_RXLU_T1_M_L0001,シン玄武-激攻,2025-02,XLU,XLU,MATCH
DM7P_RXLU_T1_M_L0001,シン玄武-激攻,2025-03,XLU,XLU,MATCH
DM7P_RXLU_T1_M_L0001,シン玄武-激攻,2025-04,XLU,XLU,MATCH
DM7P_RXLU_T1_M_L0001,シン玄武-激攻,2025-05,XLU,XLU,MATCH
DM7P_RXLU_T1_M_L0001,シン玄武-激攻,2025-06,XLU,XLU,MATCH
DM7P_RXLU_T1_M_L0001,シン玄武-激攻,2025-07,XLU,XLU,MATCH
DM7P_RXLU_T1_M_L0001,シン玄武-激攻,2025-08,XLU,XLU,MATCH
DM7P_RXLU_T1_M_L0001,シン玄武-激攻,2025-09,XLU,XLU,MATCH
DM7P_RXLU_T1_M_L0001,シン玄武-激攻,2025-10,XLU,XLU,MATCH
DM7P_RXLU_T1_M_L0001,シン玄武-激攻,2025-11,XLU,XLU,MATCH
DM7P_RXLU_T1_M_L0001,シン玄武-激攻,2025-12,XLU,XLU,MATCH
DM7P_RXLU_T1_M_L0001,シン玄武-激攻,2026-01,XLU,XLU,MATCH
DM7P_RXLU_T1_M_L0003,シン玄武-鉄壁,2012-03,Cash,XLU,MISMATCH
DM7P_RXLU_T1_M_L0003,シン玄武-鉄壁,2012-04,XLU,XLU,MATCH
DM7P_RXLU_T1_M_L0003,シン玄武-鉄壁,2012-05,XLU,XLU,MATCH
DM7P_RXLU_T1_M_L0003,シン玄武-鉄壁,2012-06,XLU,XLU,MATCH
DM7P_RXLU_T1_M_L0003,シン玄武-鉄壁,2012-07,XLU,XLU,MATCH
DM7P_RXLU_T1_M_L0003,シン玄武-鉄壁,2012-08,XLU,XLU,MATCH
DM7P_RXLU_T1_M_L0003,シン玄武-鉄壁,2012-09,XLU,XLU,MATCH
DM7P_RXLU_T1_M_L0003,シン玄武-鉄壁,2012-10,XLU,XLU,MATCH
DM7P_RXLU_T1_M_L0003,シン玄武-鉄壁,2012-11,XLU,XLU,MATCH
DM7P_RXLU_T1_M_L0003,シン玄武-鉄壁,2012-12,XLU,XLU,MATCH
DM7P_RXLU_T1_M_L0003,シン玄武-鉄壁,2013-01,XLU,XLU,MATCH
DM7P_RXLU_T1_M_L0003,シン玄武-鉄壁,2013-02,XLU,XLU,MATCH
DM7P_RXLU_T1_M_L0003,シン玄武-鉄壁,2013-03,XLU,XLU,MATCH
DM7P_RXLU_T1_M_L0003,シン玄武-鉄壁,2013-04,XLU,XLU,MATCH
DM7P_RXLU_T1_M_L0003,シン玄武-鉄壁,2013-05,XLU,XLU,MATCH
DM7P_RXLU_T1_M_L0003,シン玄武-鉄壁,2013-06,XLU,XLU,MATCH
DM7P_RXLU_T1_M_L0003,シン玄武-鉄壁,2013-07,XLU,XLU,MATCH
DM7P_RXLU_T1_M_L0003,シン玄武-鉄壁,2013-08,XLU,XLU,MATCH
DM7P_RXLU_T1_M_L0003,シン玄武-鉄壁,2013-09,XLU,XLU,MATCH
DM7P_RXLU_T1_M_L0003,シン玄武-鉄壁,2013-10,XLU,XLU,MATCH
DM7P_RXLU_T1_M_L0003,シン玄武-鉄壁,2013-11,XLU,XLU,MATCH
DM7P_RXLU_T1_M_L0003,シン玄武-鉄壁,2013-12,XLU,XLU,MATCH
DM7P_RXLU_T1_M_L0003,シン玄武-鉄壁,2014-01,XLU,XLU,MATCH
DM7P_RXLU_T1_M_L0003,シン玄武-鉄壁,2014-02,XLU,XLU,MATCH
DM7P_RXLU_T1_M_L0003,シン玄武-鉄壁,2014-03,XLU,XLU,MATCH
DM7P_RXLU_T1_M_L0003,シン玄武-鉄壁,2014-04,XLU,XLU,MATCH
DM7P_RXLU_T1_M_L0003,シン玄武-鉄壁,2014-05,XLU,XLU,MATCH
DM7P_RXLU_T1_M_L0003,シン玄武-鉄壁,2014-06,XLU,XLU,MATCH
DM7P_RXLU_T1_M_L0003,シン玄武-鉄壁,2014-07,XLU,XLU,MATCH
DM7P_RXLU_T1_M_L0003,シン玄武-鉄壁,2014-08,XLU,XLU,MATCH
DM7P_RXLU_T1_M_L0003,シン玄武-鉄壁,2014-09,XLU,XLU,MATCH
DM7P_RXLU_T1_M_L0003,シン玄武-鉄壁,2014-10,XLU,XLU,MATCH
DM7P_RXLU_T1_M_L0003,シン玄武-鉄壁,2014-11,XLU,XLU,MATCH
DM7P_RXLU_T1_M_L0003,シン玄武-鉄壁,2014-12,XLU,XLU,MATCH
DM7P_RXLU_T1_M_L0003,シン玄武-鉄壁,2015-01,XLU,XLU,MATCH
DM7P_RXLU_T1_M_L0003,シン玄武-鉄壁,2015-02,XLU,XLU,MATCH
DM7P_RXLU_T1_M_L0003,シン玄武-鉄壁,2015-03,XLU,XLU,MATCH
DM7P_RXLU_T1_M_L0003,シン玄武-鉄壁,2015-04,XLU,XLU,MATCH
DM7P_RXLU_T1_M_L0003,シン玄武-鉄壁,2015-05,XLU,XLU,MATCH
DM7P_RXLU_T1_M_L0003,シン玄武-鉄壁,2015-06,XLU,XLU,MATCH
DM7P_RXLU_T1_M_L0003,シン玄武-鉄壁,2015-07,XLU,XLU,MATCH
DM7P_RXLU_T1_M_L0003,シン玄武-鉄壁,2015-08,XLU,XLU,MATCH
DM7P_RXLU_T1_M_L0003,シン玄武-鉄壁,2015-09,XLU,XLU,MATCH
DM7P_RXLU_T1_M_L0003,シン玄武-鉄壁,2015-10,XLU,XLU,MATCH
DM7P_RXLU_T1_M_L0003,シン玄武-鉄壁,2015-11,XLU,XLU,MATCH
DM7P_RXLU_T1_M_L0003,シン玄武-鉄壁,2015-12,XLU,XLU,MATCH
DM7P_RXLU_T1_M_L0003,シン玄武-鉄壁,2016-01,XLU,XLU,MATCH
DM7P_RXLU_T1_M_L0003,シン玄武-鉄壁,2016-02,XLU,XLU,MATCH
DM7P_RXLU_T1_M_L0003,シン玄武-鉄壁,2016-03,XLU,XLU,MATCH
DM7P_RXLU_T1_M_L0003,シン玄武-鉄壁,2016-04,XLU,XLU,MATCH
DM7P_RXLU_T1_M_L0003,シン玄武-鉄壁,2016-05,XLU,XLU,MATCH
DM7P_RXLU_T1_M_L0003,シン玄武-鉄壁,2016-06,XLU,XLU,MATCH
DM7P_RXLU_T1_M_L0003,シン玄武-鉄壁,2016-07,XLU,XLU,MATCH
DM7P_RXLU_T1_M_L0003,シン玄武-鉄壁,2016-08,XLU,XLU,MATCH
DM7P_RXLU_T1_M_L0003,シン玄武-鉄壁,2016-09,XLU,XLU,MATCH
DM7P_RXLU_T1_M_L0003,シン玄武-鉄壁,2016-10,XLU,XLU,MATCH
DM7P_RXLU_T1_M_L0003,シン玄武-鉄壁,2016-11,XLU,XLU,MATCH
DM7P_RXLU_T1_M_L0003,シン玄武-鉄壁,2016-12,XLU,XLU,MATCH
DM7P_RXLU_T1_M_L0003,シン玄武-鉄壁,2017-01,XLU,XLU,MATCH
DM7P_RXLU_T1_M_L0003,シン玄武-鉄壁,2017-02,XLU,XLU,MATCH
DM7P_RXLU_T1_M_L0003,シン玄武-鉄壁,2017-03,XLU,XLU,MATCH
DM7P_RXLU_T1_M_L0003,シン玄武-鉄壁,2017-04,XLU,XLU,MATCH
DM7P_RXLU_T1_M_L0003,シン玄武-鉄壁,2017-05,XLU,XLU,MATCH
DM7P_RXLU_T1_M_L0003,シン玄武-鉄壁,2017-06,XLU,XLU,MATCH
DM7P_RXLU_T1_M_L0003,シン玄武-鉄壁,2017-07,XLU,XLU,MATCH
DM7P_RXLU_T1_M_L0003,シン玄武-鉄壁,2017-08,XLU,XLU,MATCH
DM7P_RXLU_T1_M_L0003,シン玄武-鉄壁,2017-09,XLU,XLU,MATCH
DM7P_RXLU_T1_M_L0003,シン玄武-鉄壁,2017-10,XLU,XLU,MATCH
DM7P_RXLU_T1_M_L0003,シン玄武-鉄壁,2017-11,XLU,XLU,MATCH
DM7P_RXLU_T1_M_L0003,シン玄武-鉄壁,2017-12,XLU,XLU,MATCH
DM7P_RXLU_T1_M_L0003,シン玄武-鉄壁,2018-01,XLU,XLU,MATCH
DM7P_RXLU_T1_M_L0003,シン玄武-鉄壁,2018-02,XLU,XLU,MATCH
DM7P_RXLU_T1_M_L0003,シン玄武-鉄壁,2018-03,XLU,XLU,MATCH
DM7P_RXLU_T1_M_L0003,シン玄武-鉄壁,2018-04,XLU,XLU,MATCH
DM7P_RXLU_T1_M_L0003,シン玄武-鉄壁,2018-05,XLU,XLU,MATCH
DM7P_RXLU_T1_M_L0003,シン玄武-鉄壁,2018-06,XLU,XLU,MATCH
DM7P_RXLU_T1_M_L0003,シン玄武-鉄壁,2018-07,XLU,XLU,MATCH
DM7P_RXLU_T1_M_L0003,シン玄武-鉄壁,2018-08,XLU,XLU,MATCH
DM7P_RXLU_T1_M_L0003,シン玄武-鉄壁,2018-09,XLU,XLU,MATCH
DM7P_RXLU_T1_M_L0003,シン玄武-鉄壁,2018-10,XLU,XLU,MATCH
DM7P_RXLU_T1_M_L0003,シン玄武-鉄壁,2018-11,XLU,XLU,MATCH
DM7P_RXLU_T1_M_L0003,シン玄武-鉄壁,2018-12,XLU,XLU,MATCH
DM7P_RXLU_T1_M_L0003,シン玄武-鉄壁,2019-01,XLU,XLU,MATCH
DM7P_RXLU_T1_M_L0003,シン玄武-鉄壁,2019-02,XLU,XLU,MATCH
DM7P_RXLU_T1_M_L0003,シン玄武-鉄壁,2019-03,XLU,XLU,MATCH
DM7P_RXLU_T1_M_L0003,シン玄武-鉄壁,2019-04,XLU,XLU,MATCH
DM7P_RXLU_T1_M_L0003,シン玄武-鉄壁,2019-05,XLU,XLU,MATCH
DM7P_RXLU_T1_M_L0003,シン玄武-鉄壁,2019-06,XLU,XLU,MATCH
DM7P_RXLU_T1_M_L0003,シン玄武-鉄壁,2019-07,XLU,XLU,MATCH
DM7P_RXLU_T1_M_L0003,シン玄武-鉄壁,2019-08,XLU,XLU,MATCH
DM7P_RXLU_T1_M_L0003,シン玄武-鉄壁,2019-09,XLU,XLU,MATCH
DM7P_RXLU_T1_M_L0003,シン玄武-鉄壁,2019-10,XLU,XLU,MATCH
DM7P_RXLU_T1_M_L0003,シン玄武-鉄壁,2019-11,XLU,XLU,MATCH
DM7P_RXLU_T1_M_L0003,シン玄武-鉄壁,2019-12,XLU,XLU,MATCH
DM7P_RXLU_T1_M_L0003,シン玄武-鉄壁,2020-01,XLU,XLU,MATCH
DM7P_RXLU_T1_M_L0003,シン玄武-鉄壁,2020-02,XLU,XLU,MATCH
DM7P_RXLU_T1_M_L0003,シン玄武-鉄壁,2020-03,XLU,XLU,MATCH
DM7P_RXLU_T1_M_L0003,シン玄武-鉄壁,2020-04,TQQQ,TQQQ,MATCH
DM7P_RXLU_T1_M_L0003,シン玄武-鉄壁,2020-05,TQQQ,TQQQ,MATCH
DM7P_RXLU_T1_M_L0003,シン玄武-鉄壁,2020-06,TQQQ,TQQQ,MATCH
DM7P_RXLU_T1_M_L0003,シン玄武-鉄壁,2020-07,TQQQ,TQQQ,MATCH
DM7P_RXLU_T1_M_L0003,シン玄武-鉄壁,2020-08,TQQQ,TQQQ,MATCH
DM7P_RXLU_T1_M_L0003,シン玄武-鉄壁,2020-09,XLU,XLU,MATCH
DM7P_RXLU_T1_M_L0003,シン玄武-鉄壁,2020-10,TQQQ,TQQQ,MATCH
DM7P_RXLU_T1_M_L0003,シン玄武-鉄壁,2020-11,XLU,TQQQ,MISMATCH
DM7P_RXLU_T1_M_L0003,シン玄武-鉄壁,2020-12,XLU,XLU,MATCH
DM7P_RXLU_T1_M_L0003,シン玄武-鉄壁,2021-01,XLU,XLU,MATCH
DM7P_RXLU_T1_M_L0003,シン玄武-鉄壁,2021-02,XLU,XLU,MATCH
DM7P_RXLU_T1_M_L0003,シン玄武-鉄壁,2021-03,XLU,XLU,MATCH
DM7P_RXLU_T1_M_L0003,シン玄武-鉄壁,2021-04,XLU,XLU,MATCH
DM7P_RXLU_T1_M_L0003,シン玄武-鉄壁,2021-05,XLU,XLU,MATCH
DM7P_RXLU_T1_M_L0003,シン玄武-鉄壁,2021-06,XLU,XLU,MATCH
DM7P_RXLU_T1_M_L0003,シン玄武-鉄壁,2021-07,XLU,XLU,MATCH
DM7P_RXLU_T1_M_L0003,シン玄武-鉄壁,2021-08,XLU,XLU,MATCH
DM7P_RXLU_T1_M_L0003,シン玄武-鉄壁,2021-09,XLU,XLU,MATCH
DM7P_RXLU_T1_M_L0003,シン玄武-鉄壁,2021-10,XLU,XLU,MATCH
DM7P_RXLU_T1_M_L0003,シン玄武-鉄壁,2021-11,XLU,XLU,MATCH
DM7P_RXLU_T1_M_L0003,シン玄武-鉄壁,2021-12,XLU,XLU,MATCH
DM7P_RXLU_T1_M_L0003,シン玄武-鉄壁,2022-01,XLU,XLU,MATCH
DM7P_RXLU_T1_M_L0003,シン玄武-鉄壁,2022-02,XLU,XLU,MATCH
DM7P_RXLU_T1_M_L0003,シン玄武-鉄壁,2022-03,XLU,XLU,MATCH
DM7P_RXLU_T1_M_L0003,シン玄武-鉄壁,2022-04,XLU,XLU,MATCH
DM7P_RXLU_T1_M_L0003,シン玄武-鉄壁,2022-05,XLU,XLU,MATCH
DM7P_RXLU_T1_M_L0003,シン玄武-鉄壁,2022-06,XLU,XLU,MATCH
DM7P_RXLU_T1_M_L0003,シン玄武-鉄壁,2022-07,XLU,XLU,MATCH
DM7P_RXLU_T1_M_L0003,シン玄武-鉄壁,2022-08,XLU,XLU,MATCH
DM7P_RXLU_T1_M_L0003,シン玄武-鉄壁,2022-09,XLU,XLU,MATCH
DM7P_RXLU_T1_M_L0003,シン玄武-鉄壁,2022-10,XLU,XLU,MATCH
DM7P_RXLU_T1_M_L0003,シン玄武-鉄壁,2022-11,XLU,XLU,MATCH
DM7P_RXLU_T1_M_L0003,シン玄武-鉄壁,2022-12,XLU,XLU,MATCH
DM7P_RXLU_T1_M_L0003,シン玄武-鉄壁,2023-01,TQQQ,XLU,MISMATCH
DM7P_RXLU_T1_M_L0003,シン玄武-鉄壁,2023-02,XLU,XLU,MATCH
DM7P_RXLU_T1_M_L0003,シン玄武-鉄壁,2023-03,TQQQ,TQQQ,MATCH
DM7P_RXLU_T1_M_L0003,シン玄武-鉄壁,2023-04,TQQQ,TQQQ,MATCH
DM7P_RXLU_T1_M_L0003,シン玄武-鉄壁,2023-05,TQQQ,TQQQ,MATCH
DM7P_RXLU_T1_M_L0003,シン玄武-鉄壁,2023-06,TQQQ,TQQQ,MATCH
DM7P_RXLU_T1_M_L0003,シン玄武-鉄壁,2023-07,TQQQ,TQQQ,MATCH
DM7P_RXLU_T1_M_L0003,シン玄武-鉄壁,2023-08,TQQQ,TQQQ,MATCH
DM7P_RXLU_T1_M_L0003,シン玄武-鉄壁,2023-09,TQQQ,TQQQ,MATCH
DM7P_RXLU_T1_M_L0003,シン玄武-鉄壁,2023-10,TQQQ,TQQQ,MATCH
DM7P_RXLU_T1_M_L0003,シン玄武-鉄壁,2023-11,TQQQ,TQQQ,MATCH
DM7P_RXLU_T1_M_L0003,シン玄武-鉄壁,2023-12,TQQQ,TQQQ,MATCH
DM7P_RXLU_T1_M_L0003,シン玄武-鉄壁,2024-01,TQQQ,TQQQ,MATCH
DM7P_RXLU_T1_M_L0003,シン玄武-鉄壁,2024-02,TQQQ,TQQQ,MATCH
DM7P_RXLU_T1_M_L0003,シン玄武-鉄壁,2024-03,XLU,XLU,MATCH
DM7P_RXLU_T1_M_L0003,シン玄武-鉄壁,2024-04,XLU,XLU,MATCH
DM7P_RXLU_T1_M_L0003,シン玄武-鉄壁,2024-05,XLU,XLU,MATCH
DM7P_RXLU_T1_M_L0003,シン玄武-鉄壁,2024-06,XLU,XLU,MATCH
DM7P_RXLU_T1_M_L0003,シン玄武-鉄壁,2024-07,XLU,XLU,MATCH
DM7P_RXLU_T1_M_L0003,シン玄武-鉄壁,2024-08,XLU,XLU,MATCH
DM7P_RXLU_T1_M_L0003,シン玄武-鉄壁,2024-09,XLU,XLU,MATCH
DM7P_RXLU_T1_M_L0003,シン玄武-鉄壁,2024-10,XLU,XLU,MATCH
DM7P_RXLU_T1_M_L0003,シン玄武-鉄壁,2024-11,XLU,XLU,MATCH
DM7P_RXLU_T1_M_L0003,シン玄武-鉄壁,2024-12,XLU,XLU,MATCH
DM7P_RXLU_T1_M_L0003,シン玄武-鉄壁,2025-01,XLU,XLU,MATCH
DM7P_RXLU_T1_M_L0003,シン玄武-鉄壁,2025-02,XLU,XLU,MATCH
DM7P_RXLU_T1_M_L0003,シン玄武-鉄壁,2025-03,XLU,XLU,MATCH
DM7P_RXLU_T1_M_L0003,シン玄武-鉄壁,2025-04,XLU,XLU,MATCH
DM7P_RXLU_T1_M_L0003,シン玄武-鉄壁,2025-05,XLU,XLU,MATCH
DM7P_RXLU_T1_M_L0003,シン玄武-鉄壁,2025-06,XLU,XLU,MATCH
DM7P_RXLU_T1_M_L0003,シン玄武-鉄壁,2025-07,XLU,XLU,MATCH
DM7P_RXLU_T1_M_L0003,シン玄武-鉄壁,2025-08,XLU,XLU,MATCH
DM7P_RXLU_T1_M_L0003,シン玄武-鉄壁,2025-09,XLU,XLU,MATCH
DM7P_RXLU_T1_M_L0003,シン玄武-鉄壁,2025-10,XLU,XLU,MATCH
DM7P_RXLU_T1_M_L0003,シン玄武-鉄壁,2025-11,XLU,XLU,MATCH
DM7P_RXLU_T1_M_L0003,シン玄武-鉄壁,2025-12,XLU,XLU,MATCH
DM7P_RXLU_T1_M_L0003,シン玄武-鉄壁,2026-01,XLU,XLU,MATCH
